Year,Month,Month number,High temp,Average High,Average Low,Low,Range,Precipitation,Days with precipitation
1895,September,9,35,31.3,24.6,23.3,11.7,88.9,14
1895,November,11,30.6,27.8,20,8.9,21.7,76.2,3
1895,December,12,30,23.7,14.9,4.4,25.6,23.4,4
1896,January,1,26.7,22.2,12.8,4.4,22.3,11.4,3
1896,February,2,29.4,23.4,14.2,2.8,26.6,95.2,5
1896,March,3,30.6,25.9,15.9,7.2,23.4,54.4,5
1896,April,4,32.2,28.4,18.8,12.8,19.4,2.5,1
1896,May,5,32.8,31.6,21.2,14.4,18.4,58.9,4
1896,June,6,33.9,32.9,22.6,20.6,13.3,344.2,9
1896,July,7,34.4,31.8,24.6,22.2,12.2,85.1,4
1896,August,8,34.4,32.7,23.4,21.1,13.3,162.6,4
1896,September,9,34.4,32,23.3,21.1,13.3,163.8,14
1896,October,10,32.2,29.9,21.3,14.4,17.8,31.8,6
1897,October,10,30.6,27.9,20.7,14.4,16.2,186.7,9
1897,November,11,29.4,26.5,20.5,14.4,15,29.2,1
1897,December,12,30,24.9,18.2,11.1,18.9,25.4,2
1898,January,1,29.4,23.1,14.3,1.7,27.7,0,0
1898,February,2,29.4,24.1,13.7,4.4,25,62.2,3
1898,March,3,29.4,26.4,18.2,10,19.4,66,2
1898,April,4,33.3,28.4,18.1,11.1,22.2,15.2,3
1898,May,5,32.8,29.5,19.2,11.1,21.7,41.9,4
1898,June,6,32.8,32,22.5,18.3,14.5,17.8,2
1898,July,7,33.3,32.2,23.4,21.1,12.2,150.4,8
1898,August,8,33.3,32.1,23,20.6,12.7,237.5,10
1898,September,9,32.2,31.6,23.7,22.2,10,103.4,10
1898,October,10,32.2,28.4,21.2,15,17.2,372.1,7
1898,November,11,29.4,27.7,20.9,12.8,16.6,10.2,2
1898,December,12,27.8,24.1,15.4,4.4,23.4,182.6,3
1899,January,1,28.3,25,16.9,8.9,19.4,83.8,6
1899,February,2,29.4,25.2,15.8,-1.7,31.1,70.4,4
1899,March,3,30.6,27.2,18,8.3,22.3,41.9,3
1899,April,4,31.1,27.4,17.4,7.8,23.3,273.1,7
1899,May,5,33.3,30.5,21.5,17.8,15.5,35.6,3
1899,September,9,32.2,31.4,22.8,21.1,11.1,245.4,12
1899,October,10,33.3,29.7,21.8,16.7,16.6,259.1,9
1899,November,11,29.4,26.6,19.4,12.8,16.6,44.5,3
1899,December,12,27.2,24.3,16.1,6.7,20.5,62.2,5
1900,January,1,26.7,22.4,13.2,3.3,23.4,133.3,6
1900,February,2,28.9,23.4,14.8,-1.1,30,47,4
1900,March,3,30,26.4,17.1,8.3,21.7,132.1,6
1900,April,4,30,27.5,19.3,12.2,17.8,163.8,3
1901,February,2,31.1,24.2,13,3.3,27.8,0,0
1901,March,3,30,25.3,15.9,3.9,26.1,44.7,3
1901,April,4,31.7,27.1,15.2,7.8,23.9,50,3
1901,May,5,32.8,29.3,18.5,13.9,18.9,264.7,6
1901,June,6,31.7,30.4,23.4,20,11.7,551.7,10
1901,July,7,32.2,31.1,24.3,21.1,11.1,207.8,7
1901,August,8,32.2,31.1,23.7,21.1,11.1,275.6,9
1901,September,9,33.9,30.9,23.6,20,13.9,388.6,6
1901,October,10,32.2,28.9,22.7,19.4,12.8,125,5
1901,December,12,28.3,23.7,15.1,3.9,24.4,39.4,2
1902,January,1,26.7,22.2,13,3.3,23.4,0,0
1902,February,2,30.6,23,11.8,2.8,27.8,150.1,3
1902,March,3,31.7,26.4,16.6,4.4,27.3,0,0
1902,April,4,31.7,28.3,18.9,11.1,20.6,47,4
1902,May,5,35.6,30.6,22.9,19.4,16.2,23.9,5
1902,June,6,34.4,31.4,24.5,22.2,12.2,152.7,9
1902,July,7,32.8,31.9,24.6,20.6,12.2,83.3,7
1902,August,8,33.9,32.6,,,33.9,135.4,7
1902,September,9,33.3,31.8,24.1,20.6,12.7,200.9,13
1902,October,10,33.9,30.7,23.4,19.4,14.5,105.9,9
1902,November,11,30.6,27.4,20.4,10.6,20,180.8,5
1902,December,12,31.7,25.1,16.9,2.8,28.9,47.2,1
1903,January,1,28.3,25.1,16,2.2,26.1,126.7,7
1903,February,2,30,27,18.9,7.2,22.8,119.4,4
1903,March,3,30,27.6,20.4,15,15,122.4,7
1903,May,5,31.1,29.2,20.7,13.9,17.2,34.3,4
1903,June,6,34.4,30.9,22.6,19.4,15,266.2,10
1903,September,9,33.9,31.6,22.7,16.7,17.2,318.5,12
1903,October,10,31.7,29.1,20.3,12.2,19.5,113.8,5
1903,November,11,31.1,26.8,17.1,3.3,27.8,94,3
1903,December,12,27.8,24.6,13.3,5.6,22.2,0,0
1904,January,1,28.9,25.4,14.2,2.2,26.7,43.2,2
1904,February,2,29.4,26.4,16.3,6.7,22.7,41.9,2
1904,March,3,30,28.4,19.6,13.9,16.1,78.7,4
1904,May,5,33.9,28.9,22,18.9,15,311.9,10
1904,June,6,32.2,29.8,23,16.1,16.1,156.5,10
1904,July,7,32.8,30.9,23.7,21.1,11.7,74.7,4
1904,August,8,32.2,30.8,23.7,20.6,11.6,232.4,11
1904,September,9,32.8,31,23.7,21.1,11.7,222.5,13
1904,October,10,33.9,30.2,22.3,17.2,16.7,256,14
1904,November,11,29.4,25.7,17,9.4,20,132.3,8
1904,December,12,29.4,25.2,14.9,6.7,22.7,10.2,2
1905,January,1,27.8,22.8,12.5,-1.7,29.5,67.3,2
1905,February,2,29.4,26.6,17.4,7.8,21.6,16.3,2
1905,March,3,31.1,27.6,18.5,11.1,20,42.9,3
1905,April,4,32.2,28.2,19.4,11.1,21.1,33.5,4
1905,May,5,33.9,30.9,23.6,18.3,15.6,99.8,3
1905,June,6,34.4,31.4,22.4,18.9,15.5,193.3,10
1905,July,7,33.3,31.3,23.8,20.6,12.7,92.2,7
1905,August,8,33.9,32.1,24.1,21.7,12.2,333,16
1905,September,9,33.3,31.6,24,21.7,11.6,304.5,15
1905,November,11,30.6,27.7,19.4,13.9,16.7,92.7,9
1905,December,12,29.4,24.2,17.4,10,19.4,306.8,16
1906,January,1,28.3,23.5,15.8,7.8,20.5,81.3,7
1906,February,2,27.2,24.2,15.7,8.9,18.3,96,6
1906,March,3,28.9,25.8,17.4,11.1,17.8,111.3,5
1906,April,4,30.6,26.7,19.9,10.6,20,59.2,3
1906,May,5,32.8,29.4,21.7,18.9,13.9,200.4,9
1906,June,6,31.7,30,24.1,20.6,11.1,218.4,8
1906,July,7,33.3,31.2,24,20.6,12.7,235.2,8
1906,August,8,32.2,30.7,23.9,21.1,11.1,227.1,8
1906,September,9,33.3,30.9,23.7,21.1,12.2,60.7,4
1906,October,10,32.2,28.7,21.3,14.4,17.8,347.5,12
1906,November,11,28.3,25.7,19.2,5.6,22.7,192,5
1906,December,12,28.9,24.1,15.2,0,28.9,0,0
1907,January,1,27.8,25,17.2,10.6,17.2,37.6,2
1907,February,2,28.3,23.8,14.6,8.9,19.4,4.1,1
1907,March,3,33.3,27,18,13.3,20,18.3,2
1907,April,4,31.1,28.2,17.8,8.3,22.8,18.5,3
1907,May,5,32.8,30.7,22.4,18.9,13.9,86.6,7
1907,June,6,33.3,30.7,22.2,18.3,15,215.1,12
1907,August,8,33.9,32.4,23.8,22.2,11.7,91.4,9
1907,September,9,33.9,31.6,24.1,20.6,13.3,95.5,8
1907,October,10,33.9,29.2,21,16.1,17.8,70.4,8
1907,November,11,31.1,27.4,19.4,11.7,19.4,78.2,7
1907,December,12,28.3,24.8,16.1,6.7,21.6,30.2,4
1908,January,1,29.4,24.1,14,5,24.4,87.9,8
1908,February,2,30,24.1,12.9,4.4,25.6,24.6,3
1908,March,3,31.1,28.2,19,13.9,17.2,42.2,4
1908,April,4,33.3,30.6,21.6,17.8,15.5,66.8,5
1908,May,5,34.4,30.7,21.6,14.4,20,216.7,12
1908,June,6,33.3,30.5,22.1,18.9,14.4,349.2,17
1908,July,7,35,32.6,23.5,21.1,13.9,132.3,14
1908,August,8,35,32.5,23.1,20.6,14.4,197.1,14
1908,September,9,33.9,32,23.3,21.1,12.8,279.9,14
1908,October,10,31.7,28.5,20.7,13.9,17.8,707.6,18
1908,November,11,30.6,26.9,18.9,9.4,21.2,41.9,3
1908,December,12,29.4,26,18,8.9,20.5,21.8,3
1909,January,1,27.8,25,16.9,6.7,21.1,138.4,9
1909,February,2,29.4,25.3,16.5,2.2,27.2,0,0
1909,March,3,32.2,28,18,6.7,25.5,21.1,3
1909,April,4,33.9,29.2,20.4,11.7,22.2,210.6,6
1909,May,5,33.9,30.3,22.3,19.4,14.5,202.4,10
1909,June,6,33.9,32,23.2,21.1,12.8,91.7,6
1909,July,7,35,32,23.4,21.1,13.9,111.3,6
1909,August,8,35.6,32.3,23.8,22.2,13.4,239.8,15
1909,September,9,34.4,31.2,23.4,21.1,13.3,353.8,14
1909,October,10,32.8,28.3,22.2,18.3,14.5,535.4,11
1909,November,11,29.4,27,18.7,10,19.4,15.2,1
1909,December,12,29.4,24.9,13.9,0.6,28.8,30.5,1
1910,January,1,28.9,25,14.1,5.6,23.3,37.1,3
1910,February,2,30,25.5,15.2,4.4,25.6,17.8,1
1910,March,3,31.7,27.3,15.3,11.1,20.6,17,2
1910,April,4,31.7,28.6,16.6,11.7,20,29.5,2
1910,May,5,32.8,30.2,21.3,15.6,17.2,77.7,6
1910,June,6,33.9,31.2,22.2,20.6,13.3,172.2,9
1910,July,7,33.3,32.1,22.9,20.6,12.7,130,12
1910,August,8,34.4,32.7,23.2,21.1,13.3,175.3,8
1910,September,9,33.9,31.9,23.1,20,13.9,93.2,7
1910,October,10,32.8,29.6,20.7,11.7,21.1,544.8,11
1910,November,11,29.4,26,14.8,6.7,22.7,11.4,1
1910,December,12,26.7,22.5,12.3,2.8,23.9,14,1
1911,January,1,27.8,25.2,16.8,10,17.8,46.2,2
1911,February,2,29.4,26.2,16.3,6.1,23.3,0,0
1911,March,3,32.2,28,16.9,13.3,18.9,27.9,2
1911,April,4,30.6,27.9,20.4,17.8,12.8,256.8,8
1911,May,5,31.7,29,20.3,15,16.7,307.8,10
1911,June,6,33.3,31.5,23.2,20,13.3,71.9,12
1911,July,7,33.3,31.6,23.7,21.7,11.6,103.6,15
1911,August,8,33.9,31.7,24,19.4,14.5,159.3,15
1911,September,9,33.3,31.3,24.4,21.1,12.2,112.3,17
1911,October,10,32.2,30.2,23.8,21.1,11.1,89.7,13
1911,November,11,30.6,27.4,21.2,7.2,23.4,150.9,18
1911,December,12,27.8,24.9,19.2,7.8,20,48.3,11
1912,January,1,27.8,23.8,16.1,7.2,20.6,108.2,16
1912,February,2,27.8,21.9,12.3,4.4,23.4,52.8,6
1912,March,3,30,26.9,20.1,11.7,18.3,95.5,11
1912,April,4,31.7,28.5,22.4,17.2,14.5,142.5,9
1912,May,5,32.8,29.8,22.6,19.4,13.4,283.7,17
1912,June,6,32.8,30.3,23.4,20.6,12.2,371.6,17
1912,July,7,34.4,31.1,24.5,22.2,12.2,152.1,16
1912,August,8,32.8,31.9,25,20.6,12.2,74.4,11
1912,September,9,32.2,31.6,24.3,21.1,11.1,52.8,13
1912,October,10,31.7,29.8,23.1,20,11.7,83.6,17
1912,November,11,31.1,25.3,18.6,11.1,20,271,7
1912,December,12,28.3,25.8,19.3,11.1,17.2,48.3,7
1913,January,1,27.8,25.5,19.4,8.3,19.5,112.3,11
1913,February,2,29.4,25.8,17.3,8.9,20.5,47.2,7
1913,March,3,28.9,27,21.3,16.1,12.8,111.5,14
1913,April,4,28.3,26,18.1,12.2,16.1,96,5
1913,May,5,31.1,27.9,21,15.6,15.5,213.9,6
1913,June,6,30.6,29.3,22.7,19.4,11.2,103.4,11
1913,July,7,32.8,31.1,23.7,21.1,11.7,75.7,11
1913,August,8,32.8,30.8,24.3,21.1,11.7,144,17
1913,September,9,31.1,29.7,24,21.1,10,164.1,15
1913,October,10,32.8,28,20.1,13.9,18.9,114.6,7
1913,November,11,27.8,24.6,19.2,8.9,18.9,111.5,17
1913,December,12,26.7,24.5,15.4,8.3,18.4,8.1,4
1914,January,1,26.1,22.5,13.5,6.7,19.4,34.3,12
1914,February,2,27.8,23.9,15.5,6.1,21.7,30.7,7
1914,March,3,26.7,23,14.1,2.2,24.5,25.1,4
1914,April,4,30,27.3,20.1,13.9,16.1,133.1,9
1914,May,5,30.6,28.3,22.5,17.2,13.4,46.2,9
1914,June,6,32.2,30.7,24,20,12.2,65.3,9
1914,July,7,33.3,31.3,23.4,21.1,12.2,114.8,15
1914,August,8,31.7,30.1,24.9,21.7,10,95.8,17
1914,September,9,30.6,28.8,23.1,20.6,10,169.7,20
1914,October,10,29.4,27.3,21.6,17.8,11.6,175.8,20
1914,November,11,27.8,24.1,18.7,2.2,25.6,179.3,10
1914,December,12,26.7,23.9,17.7,6.7,20,112.5,14
1915,January,1,25.6,22.3,16.7,7.2,18.4,92.5,14
1915,February,2,27.8,22,15.3,6.1,21.7,76.5,7
1915,March,3,27.8,21.4,13.1,6.1,21.7,39.9,6
1915,April,4,27.2,23.7,18,7.2,20,33.5,6
1915,May,5,30.6,28.4,22.6,17.8,12.8,84.3,7
1915,June,6,31.7,29.2,23.5,20,11.7,318.3,11
1915,July,7,32.8,30.7,24.8,22.2,10.6,166.1,15
1915,August,8,32.2,30.7,25.5,21.7,10.5,34.8,5
1915,September,9,31.1,29.9,24.6,21.7,9.4,138.9,15
1915,October,10,31.1,28.4,23.7,20,11.1,295.9,22
1915,November,11,27.8,25.5,20.4,10.6,17.2,64.5,8
1915,December,12,26.1,22.2,15.1,8.3,17.8,50.8,8
1916,January,1,27.2,24.5,19.9,12.8,14.4,36.6,7
1916,February,2,25.6,23.1,14.3,6.1,19.5,93.7,6
1916,March,3,28.9,23.7,13.9,6.7,22.2,7.1,2
1916,April,4,28.3,25.3,17.1,7.8,20.5,9.9,4
1916,May,5,32.2,27.9,21.8,18.3,13.9,152.1,11
1916,June,6,30.6,29.3,23.5,18.3,12.3,161.5,12
1916,July,7,31.1,29.8,24.4,21.1,10,63.2,20
1916,August,8,32.8,29.6,24.4,21.1,11.7,256.5,16
1916,September,9,30,29.3,23.6,21.1,8.9,122.2,20
1916,October,10,30,27.7,22.4,16.7,13.3,127.8,15
1916,November,11,27.2,24.8,19.6,11.1,16.1,47,9
1916,December,12,26.1,24.1,17.1,5.6,20.5,6.3,2
1917,January,1,26.1,24.3,17.8,6.1,20,2.8,3
1917,February,2,27.2,22.9,13.6,-2.8,30,11.4,4
1917,March,3,27.8,25.3,19.7,12.2,15.6,77,7
1917,April,4,27.2,25.6,18.8,11.1,16.1,95,9
1917,May,5,31.1,27.6,20.9,13.3,17.8,117.3,7
1917,June,6,30,28.6,23.7,20.6,9.4,170.4,10
1917,July,7,31.7,29.9,24.5,19.4,12.3,63,10
1917,August,8,31.7,30.4,24.4,21.7,10,109.7,14
1917,September,9,31.1,29.1,23.4,21.1,10,471.2,26
1917,October,10,30.6,28,22.6,17.2,13.4,53.6,13
1917,November,11,26.7,23.4,15.5,5.6,21.1,6.1,4
1917,December,12,26.1,22.2,12.9,1.1,25,37.1,10
1918,January,1,27.2,21.8,12.5,0,27.2,21.6,8
1918,February,2,26.7,24.3,18.4,7.2,19.5,63.8,8
1918,March,3,28.9,26.3,18.6,13.3,15.6,37.6,8
1918,April,4,31.7,26.7,19.5,9.4,22.3,114,9
1918,May,5,27.8,26.5,22.7,17.2,10.6,71.1,10
1918,June,6,33.3,29.4,23.2,20,13.3,156.7,15
1918,July,7,32.2,30.3,23.5,20.6,11.6,101.9,17
1918,August,8,33.3,30.5,24.5,21.7,11.6,36.3,15
1918,September,9,31.7,29.5,23.3,20.6,11.1,255.5,14
1918,October,10,30,28.3,23.8,20,10,122.4,14
1918,November,11,27.8,25.6,19.1,12.2,15.6,15.2,7
1918,December,12,27.8,23.1,16.7,6.7,21.1,104.4,9
1919,January,1,25.6,22,14.8,2.8,22.8,27.2,9
1919,February,2,27.8,23,15.5,5,22.8,81.3,8
1919,March,3,27.8,25.1,19.1,10.6,17.2,247.4,8
1919,April,4,28.9,25.6,19.6,13.3,15.6,78,8
1919,May,5,31.1,27.8,21.5,17.8,13.3,338.1,16
1919,June,6,31.7,28.7,23.5,20,11.7,184.4,14
1919,July,7,31.7,30.1,24.1,21.7,10,149.9,19
1919,August,8,33.3,31.2,25,22.2,11.1,94.7,12
1919,September,9,32.2,29.7,24.1,20.6,11.6,94.5,13
1919,October,10,30.6,28.9,24.5,21.1,9.5,94.7,15
1919,November,11,29.4,25.9,20,12.2,17.2,88.4,11
1919,December,12,26.7,24.2,16.7,4.4,22.3,46.5,6
1920,January,1,27.2,23.7,17,1.7,25.5,10.4,4
1920,February,2,27.8,22.6,13.1,5,22.8,40.6,7
1920,March,3,28.3,23.7,15.9,1.1,27.2,1.5,3
1920,April,4,30.6,27.3,20.4,8.9,21.7,80,7
1920,May,5,30.6,28.1,21,17.8,12.8,262.4,14
1920,June,6,30,29,23.4,18.3,11.7,99.1,12
1920,July,7,31.1,30.1,24.5,21.1,10,167.9,16
1920,August,8,31.1,29.9,23.4,20.6,10.5,104.6,18
1920,September,9,31.7,30.1,23.6,21.1,10.6,176.3,17
1920,October,10,28.3,26.7,21.3,15,13.3,128,15
1920,November,11,27.8,25.5,19.1,12.2,15.6,94.7,12
1920,December,12,27.2,23.6,16.5,6.1,21.1,43.7,7
1921,January,1,26.7,23.4,16.3,6.7,20,18.5,9
1921,February,2,27.8,24.3,16.5,6.1,21.7,29.2,2
1921,March,3,28.3,25.9,20.6,13.3,15,130.8,9
1921,April,4,31.1,26.6,20,11.1,20,66.8,5
1921,May,5,31.1,27.2,20.2,10,21.1,142.2,10
1921,June,6,32.2,29.4,23.6,21.1,11.1,29,5
1921,July,7,31.1,30,24.6,22.2,8.9,78.5,15
1921,August,8,31.1,30,24.6,21.1,10,79.8,14
1921,September,9,30.6,29.9,24.4,22.2,8.4,71.4,12
1921,October,10,30.6,28.1,22.1,20,10.6,462.3,19
1921,November,11,28.3,26.3,19.8,10,18.3,12.7,8
1921,December,12,28.3,24.8,16.9,7.8,20.5,5.8,2
1922,January,1,26.7,23.2,16.3,4.4,22.3,14,7
1922,February,2,27.2,24.2,18.4,4.4,22.8,79.8,4
1922,March,3,30,25.4,20,11.1,18.9,3.3,5
1922,April,4,28.9,26.6,22.1,16.7,12.2,13.7,3
1922,May,5,31.7,28.4,21.8,20,11.7,230.1,18
1922,June,6,31.7,29.4,23.4,20.6,11.1,114.3,15
1922,July,7,31.1,29.7,24.4,20.6,10.5,207.3,21
1922,August,8,31.7,30.5,24.1,20.6,11.1,202.4,17
1922,September,9,31.7,29.6,23.9,21.1,10.6,280.4,23
1922,October,10,32.2,28.3,22.7,20,12.2,402.6,26
1922,November,11,28.3,25.6,20,11.1,17.2,138.2,16
1922,December,12,27.8,24.8,19.4,11.1,16.7,30.2,7
1923,January,1,26.7,23.9,17,6.1,20.6,5.3,5
1923,February,2,27.8,24.4,17.6,6.7,21.1,6.1,3
1923,March,3,28.9,26.1,20.4,8.9,20,14.7,6
1923,April,4,31.1,27.8,19.9,13.9,17.2,54.6,9
1923,May,5,31.1,28.1,20.9,13.9,17.2,291.6,13
1923,June,6,33.3,29.8,23.4,18.9,14.4,150.9,17
1923,July,7,32.2,30.2,23.9,22.2,10,132.1,22
1923,August,8,31.7,30.4,24.7,21.7,10,161,13
1923,September,9,31.1,29.6,23.6,20.6,10.5,157.7,19
1923,October,10,30.6,27.2,21.5,11.1,19.5,70.4,7
1923,November,11,27.2,24.2,16.2,7.8,19.4,6.9,5
1923,December,12,26.7,24.7,18.2,8.9,17.8,11.7,12
1924,January,1,26.7,23.9,17.8,10,16.7,71.1,15
1924,February,2,26.1,22.2,13.4,5.6,20.5,42.9,6
1924,March,3,29.4,23.9,14.7,5,24.4,11.7,3
1924,April,4,31.7,27,20.2,16.1,15.6,86.4,6
1924,May,5,33.3,29.2,21.5,17.8,15.5,189.2,14
1924,June,6,32.2,30.6,24,20,12.2,107.2,12
1924,July,7,34.4,31,24.6,21.7,12.7,211.1,19
1924,August,8,33.9,31.3,25.2,21.1,12.8,86.4,16
1924,September,9,31.7,30,24.3,21.7,10,188.2,19
1924,October,10,30,27.6,22.2,19.4,10.6,635.5,26
1924,November,11,26.7,25,18.9,10,16.7,26.9,8
1924,December,12,27.2,25.1,19.6,9.4,17.8,8.1,5
1925,January,1,27.2,25.3,20.3,12.8,14.4,121.4,16
1925,February,2,26.7,24,17,4.4,22.3,32.3,9
1925,March,3,28.9,24.9,17.4,8.9,20,69.6,8
1925,April,4,30,26,18.6,8.3,21.7,76.7,8
1925,May,5,30.6,27.5,21.3,15.6,15,474,19
1925,June,6,30.6,29.1,24.3,21.7,8.9,144.8,12
1925,July,7,33.3,30.8,25.3,22.8,10.5,65,12
1925,August,8,32.8,31,24.7,22.2,10.6,227.3,18
1925,September,9,32.2,30.6,25.1,22.8,9.4,69.3,12
1925,October,10,32.2,29.6,23.7,14.4,17.8,28.4,9
1925,November,11,29.4,25.8,19.1,6.7,22.7,450.1,9
1925,December,12,28.3,24.1,16.3,7.8,20.5,68.1,6
1926,January,1,27.2,23.2,16.5,4.4,22.8,201.4,9
1926,February,2,28.9,23.6,15.2,4.4,24.5,7.4,5
1926,March,3,28.9,24.1,16.3,7.2,21.7,7.1,3
1926,April,4,31.7,27.2,20.3,13.3,18.4,58.2,8
1926,May,5,31.7,28.2,21.7,15,16.7,117.6,14
1926,June,6,32.2,30.1,24.3,21.1,11.1,82.3,11
1926,July,7,32.2,30.5,24.6,20.6,11.6,386.6,17
1926,August,8,33.3,30.8,25.1,22.2,11.1,246.1,19
1926,October,10,32.8,29.3,23.4,15,17.8,175.8,13
1926,November,11,29.4,25.6,19,12.2,17.2,46.7,6
1926,December,12,28.9,25.1,19.6,6.1,22.8,5.8,3
1927,January,1,25.6,22.6,15,2.8,22.8,40.6,6
1927,February,2,28.3,25.6,19.5,12.2,16.1,64,7
1927,March,3,28.3,24.3,18.2,3.9,24.4,22.4,6
1927,April,4,28.9,26.2,21,16.7,12.2,56.6,6
1927,May,5,32.8,29.2,22.5,13.9,18.9,17.3,5
1927,June,6,31.7,30.6,25.3,21.7,10,61,5
1927,July,7,33.3,30.8,24.9,20.6,12.7,127,13
1927,August,8,32.2,31.3,25.2,21.7,10.5,111.8,11
1927,September,9,31.7,29.7,23.7,20.6,11.1,224.3,23
1927,October,10,31.1,28,22,11.7,19.4,94.7,15
1927,November,11,28.3,25.5,20,11.1,17.2,22.9,10
1927,December,12,27.8,23.3,16.1,3.3,24.5,13.2,7
1928,January,1,27.8,21.8,13.7,0,27.8,10.7,8
1928,February,2,28.3,24.1,17.5,3.3,25,51.3,9
1928,March,3,28.3,25.5,17.8,7.8,20.5,11.4,5
1928,April,4,30.6,26.1,20.1,8.9,21.7,10.7,6
1928,May,5,31.7,27.3,19.4,13.9,17.8,271,9
1928,June,6,31.1,29.5,23.3,20,11.1,156,16
1928,July,7,31.7,30.3,24.7,21.1,10.6,92.7,9
1928,August,8,31.7,30.1,24.9,22.2,9.5,247.6,17
1928,September,9,31.1,29.7,24,21.1,10,431.8,21
1928,October,10,30,28.2,23.1,16.7,13.3,92.2,16
1928,November,11,30.6,25,19.1,8.3,22.3,10.7,9
1928,December,12,27.2,23.6,15.6,7.8,19.4,18.8,2
1929,January,1,28.3,24.2,18.4,7.8,20.5,26.2,4
1929,February,2,27.8,25.2,18.9,8.3,19.5,11.2,8
1929,March,3,29.4,26.1,19.4,8.9,20.5,134.9,11
1929,April,4,30,27.3,21.3,13.3,16.7,82.3,7
1929,May,5,30.6,28.1,23.3,19.4,11.2,176.8,17
1929,June,6,32.2,29.3,23.3,20,12.2,142.5,22
1929,July,7,32.8,30.1,23.3,18.9,13.9,237.7,15
1929,August,8,32.2,30.6,24.7,21.7,10.5,140,18
1929,September,9,31.7,30.1,24.4,21.7,10,427.2,18
1929,October,10,31.1,26.8,21.2,15.6,15.5,512.6,17
1929,November,11,28.9,26.9,22,15,13.9,22.6,9
1929,December,12,27.8,23.5,17.1,6.7,21.1,229.4,14
1930,January,1,27.2,24.9,18.9,7.2,20,69.1,13
1930,February,2,27.2,24.5,18.3,10.6,16.6,98,8
1930,March,3,31.1,24.3,16.8,5,26.1,95.5,9
1930,April,4,28.9,26.3,20.2,14.4,14.5,151.9,11
1930,May,5,30,28.2,23.6,20,10,224.8,11
1930,June,6,32.8,29.2,23.2,20,12.8,643.6,18
1930,July,7,31.7,30.9,25.4,21.1,10.6,90.9,11
1930,August,8,33.3,31.5,24.5,21.7,11.6,119.9,16
1930,September,9,31.1,30.3,25.4,23.3,7.8,128.3,20
1930,October,10,31.1,28,21.8,15.6,15.5,129.3,15
1930,November,11,27.8,24.4,18.5,8.9,18.9,80.8,9
1930,December,12,25.6,22.3,13.8,4.4,21.2,35.1,9
1931,January,1,24.4,21.5,13.9,2.8,21.6,179.6,10
1931,February,2,25.6,22.2,15,8.3,17.3,53.8,9
1931,March,3,27.8,22.4,14.5,7.2,20.6,154.9,8
1931,April,4,27.8,24.9,18.8,8.9,18.9,116.6,15
1931,May,5,30.6,28,22,15,15.6,110.2,14
1931,June,6,32.2,29.7,24.2,20.6,11.6,1.8,5
1931,July,7,32.8,31.1,25.3,22.8,10,66.8,10
1931,August,8,32.8,31.4,25.2,22.8,10,127.5,10
1931,September,9,32.2,30.1,24.6,21.1,11.1,500.4,20
1931,October,10,31.1,28.2,23.2,16.1,15,143.8,14
1931,November,11,26.7,25.3,20.7,11.7,15,52.8,11
1931,December,12,27.8,26.1,22.1,15.6,12.2,37.8,9
1932,January,1,27.8,24.5,19.6,6.1,21.7,56.9,10
1932,February,2,27.8,26.1,19.6,11.1,16.7,21.8,5
1932,March,3,28.9,25.1,15.7,3.9,25,47,6
1932,April,4,29.4,26.3,18.8,11.1,18.3,63,8
1932,May,5,32.2,28.1,20.9,17.2,15,391.2,16
1932,June,6,32.2,30.2,24.6,20.6,11.6,215.6,15
1932,July,7,33.9,31.9,25.6,23.3,10.6,12.2,5
1932,August,8,32.8,31.3,24.4,21.7,11.1,382.3,19
1932,September,9,33.9,30.4,24.9,22.2,11.7,226.6,16
1932,October,10,30,28.7,23.6,18.9,11.1,442.7,13
1932,November,11,28.9,24.4,17.4,8.3,20.6,156,15
1932,December,12,27.2,25.1,20,11.7,15.5,14.2,8
1933,January,1,27.8,24.5,17.8,6.7,21.1,14.5,6
1933,February,2,28.3,25.6,19.5,8.9,19.4,64.5,4
1933,March,3,27.8,24.9,18.3,6.7,21.1,42.9,7
1933,April,4,32.2,27.6,20.8,16.7,15.5,119.6,7
1933,May,5,30.6,28.8,24.3,19.4,11.2,118.6,10
1933,June,6,32.8,29.6,24.2,18.9,13.9,238.5,11
1933,July,7,31.7,30.2,24.8,20.6,11.1,194.1,24
1933,August,8,32.2,30.8,25.4,21.1,11.1,318,16
1933,September,9,33.3,30.6,25.3,21.7,11.6,127.8,14
1933,October,10,30,28.1,22.9,20.6,9.4,400.8,20
1933,November,11,28.3,25.2,17.8,12.2,16.1,22.9,6
1933,December,12,27.2,24.7,18.4,10,17.2,15.5,4
1934,January,1,27.2,24.1,17.5,7.2,20,74.7,4
1934,February,2,28.3,23.6,15.7,7.2,21.1,132.1,9
1934,March,3,28.9,24.9,18.2,7.2,21.7,32.5,10
1934,April,4,30,26.9,19.8,11.1,18.9,159.3,12
1934,May,5,32.2,28.3,22.5,19.4,12.8,408.9,20
1934,June,6,33.9,29.8,24.1,21.1,12.8,242.8,18
1934,July,7,32.2,30.9,24.8,20.6,11.6,207.8,19
1934,August,8,33.9,30.9,24.7,21.7,12.2,81.3,17
1934,September,9,33.9,30.2,24.3,21.7,12.2,246.1,20
1934,October,10,32.2,29.4,23.6,18.3,13.9,79.8,11
1934,November,11,28.9,25.9,19.2,8.9,20,57.4,12
1934,December,12,28.3,24.2,16.4,-1.1,29.4,24.6,10
1935,January,1,26.7,23.8,14.9,3.3,23.4,8.1,6
1935,February,2,27.2,23.5,15,3.3,23.9,7.9,5
1935,March,3,28.9,25.7,19.6,10,18.9,5.6,2
1935,April,4,32.8,28.4,19.7,11.7,21.1,158.2,6
1935,May,5,32.8,29.4,24.2,20.6,12.2,26.9,6
1935,June,6,31.1,30.2,23.6,19.4,11.7,157.7,18
1935,July,7,31.7,30.3,24.9,22.2,9.5,102.9,18
1935,August,8,33.3,31.6,25.1,22.2,11.1,161.5,14
1935,September,9,32.2,30.2,23.9,21.1,11.1,225.8,19
1935,October,10,31.7,28.3,22.8,20,11.7,240,23
1935,November,11,27.8,25.5,18.9,10,17.8,109,7
1935,December,12,27.2,21.3,12.1,2.8,24.4,13.2,3
1936,January,1,28.3,23.9,17,7.2,21.1,99.8,6
1936,February,2,27.8,23.6,16.6,5.6,22.2,58.7,14
1936,March,3,28.9,24.9,17.6,10,18.9,94.2,10
1936,April,4,29.4,26.8,20.5,13.9,15.5,54.6,7
1936,May,5,31.1,28,22.1,18.9,12.2,204.5,12
1936,June,6,32.2,29.1,23.1,20,12.2,543.8,20
1936,July,7,32.2,30.9,24.8,18.9,13.3,216.4,18
1936,August,8,32.2,30.4,25.2,21.1,11.1,217.2,17
1936,September,9,32.2,30.7,24.6,22.2,10,118.1,17
1936,October,10,31.7,29.9,23.7,21.1,10.6,192.8,15
1936,November,11,29.4,25.7,18.8,6.7,22.7,110.5,13
1936,December,12,27.2,24.8,19.1,9.4,17.8,52.8,10
1937,January,1,27.8,25.7,22.5,20,7.8,33,10
1937,February,2,27.2,24,17.5,9.4,17.8,102.1,10
1937,March,3,32.2,25.9,15.5,6.1,26.1,212.1,13
1937,April,4,31.7,27.6,17.6,11.1,20.6,30.5,4
1937,May,5,33.9,29.6,18.7,14.4,19.5,61.2,6
1937,June,6,33.9,31.4,21.7,16.7,17.2,145.5,15
1937,July,7,33.9,31.8,22,20.6,13.3,195.3,13
1937,August,8,33.3,31.6,23.1,19.4,13.9,179.6,15
1937,September,9,34.4,30.6,22,19.4,15,540.8,15
1937,October,10,32.2,28.8,19.8,9.4,22.8,192.3,14
1937,November,11,28.9,25.7,16.9,5.6,23.3,8.9,5
1937,December,12,27.8,23.4,13.7,1.7,26.1,13.2,7
1938,January,1,30,24.1,13.8,1.1,28.9,37.1,6
1938,February,2,28.3,24.9,14.5,3.3,25,32.3,9
1938,March,3,30,27.2,16.8,10.6,19.4,16.5,6
1938,April,4,30.6,27.4,17.6,10.6,20,61.2,6
1938,May,5,34.4,30.4,19.6,14.4,20,151.4,11
1938,June,6,33.9,31.3,20.7,18.9,15,239,16
1938,July,7,33.9,31.5,22.4,20,13.9,147.3,21
1938,August,8,33.9,32.2,23,19.4,14.5,20.6,5
1938,September,9,33.9,31.6,22.1,17.8,16.1,137.9,14
1938,October,10,31.7,28.8,18.8,7.2,24.5,93.2,12
1938,November,11,29.4,27.1,18.4,7.2,22.2,47.8,12
1938,December,12,30,25.2,12.6,5.6,24.4,48.8,7
1939,January,1,28.3,24.9,13.2,2.2,26.1,31.5,6
1939,February,2,30.6,27.1,17.7,6.7,23.9,6.3,3
1939,March,3,32.2,27.5,15.6,9.4,22.8,43.2,5
1939,April,4,33.3,29.2,18.4,5.6,27.7,24.1,5
1939,May,5,32.8,30,20.1,13.3,19.5,279.1,13
1939,June,6,34.4,31.2,21.7,18.3,16.1,193.3,9
1939,July,7,34.4,32.3,22.6,20,14.4,351.8,19
1939,August,8,33.9,31.8,22.5,20,13.9,288,20
1939,September,9,33.9,31.9,22,19.4,14.5,170.2,18
1939,October,10,33.9,29.9,21.6,17.2,16.7,364.2,16
1939,November,11,28.9,25.2,16.9,7.2,21.7,71.6,11
1939,December,12,28.9,25,11.7,5.6,23.3,39.6,4
1940,January,1,28.9,21.3,8.9,-2.2,31.1,89.4,8
1940,February,2,27.2,22.9,10.9,5,22.2,57.4,5
1940,March,3,31.7,25.1,13.9,2.8,28.9,137.2,8
1940,April,4,31.1,26.7,15,3.9,27.2,21.8,4
1940,May,5,34.4,29.6,17.2,10.6,23.8,84.8,4
1940,June,6,34.4,30.9,22.8,20,14.4,293.4,14
1940,July,7,35.6,32.3,23.2,21.7,13.9,154.4,18
1940,August,8,35,32.3,23.2,21.7,13.3,221.2,20
1940,September,9,33.3,30.3,22.9,21.1,12.2,445.3,23
1940,October,10,31.1,28.5,19.3,14.4,16.7,106.2,9
1940,November,11,30.6,26.2,17.6,6.7,23.9,12.4,9
1940,December,12,30,26.3,17.5,8.9,21.1,81.3,10
1941,January,1,27.8,23.8,12.9,3.9,23.9,71.9,10
1941,February,2,28.9,23.1,11.4,5,23.9,98.8,9
1941,March,3,30,24.6,12.9,0.6,29.4,98.8,5
1941,April,4,31.1,27.1,18.4,13.3,17.8,151.4,10
1941,May,5,34.4,28.5,18.5,12.8,21.6,28.4,4
1941,June,6,34.4,32.2,21.6,16.1,18.3,180.1,13
1941,July,7,33.9,31.6,23.4,21.7,12.2,389.4,24
1941,August,8,35,33.3,23.9,22.2,12.8,127.3,9
1941,September,9,33.9,31.4,23.4,21.7,12.2,203.5,17
1941,October,10,34.4,30.8,22.5,18.9,15.5,56.4,10
1941,November,11,32.2,27.4,18.5,11.7,20.5,163.6,16
1941,December,12,31.1,26.5,17.4,11.1,20,39.4,10
1942,January,1,30.6,23.9,12.4,5,25.6,60.2,8
1942,February,2,31.1,22.8,9.6,0.6,30.5,58.7,4
1942,March,3,31.1,25.9,15.1,4.4,26.7,46,8
1942,April,4,32.2,27.3,16.6,9.4,22.8,518.2,5
1942,May,5,32.2,29.5,20,17.2,15,108.2,10
1942,June,6,34.4,31.4,22.9,20,14.4,496.3,17
1942,July,7,37.8,33,23.9,22.2,15.6,31.2,8
1942,August,8,33.3,32.4,23,20,13.3,92.2,14
1942,September,9,33.3,31.9,22.9,21.1,12.2,179.1,18
1942,October,10,31.7,29.7,19.9,16.7,15,87.9,7
1942,November,11,30.6,27.2,17.4,8.9,21.7,39.9,7
1942,December,12,30,26,15.6,5,25,31.5,10
1943,January,1,28.3,25.8,14.9,6.7,21.6,38.1,4
1943,February,2,29.4,24.1,10.9,1.1,28.3,12.7,1
1943,March,3,30,26.2,16.5,4.4,25.6,29,6
1943,April,4,32.2,27.5,16.9,11.1,21.1,52.6,5
1943,May,5,32.8,29.9,21.2,15.6,17.2,253.7,14
1943,June,6,32.2,31.3,22,20,12.2,126,9
1943,July,7,35.6,31.8,22.7,21.1,14.5,192.3,16
1943,August,8,34.4,32.7,23,21.7,12.7,428.8,22
1943,September,9,34.4,31.8,22.9,21.1,13.3,210.8,19
1943,October,10,32.2,28.7,19.3,10.6,21.6,106.7,10
1943,November,11,30,26,16.9,11.1,18.9,122.7,10
1943,December,12,28.3,24.6,13.1,3.9,24.4,13,4
1944,January,1,27.8,23.9,12.2,5,22.8,77,5
1944,February,2,29.4,27,14.9,8.3,21.1,0.3,1
1944,March,3,31.7,27.4,18.6,9.4,22.3,31.8,6
1944,April,4,32.8,29.1,19.6,5,27.8,76.5,5
1944,May,5,31.7,28.7,19.7,16.1,15.6,154.4,10
1944,June,6,36.7,32.7,22.5,19.4,17.3,60.2,7
1944,July,7,35,32.9,23,21.1,13.9,201.9,17
1944,August,8,33.3,32.3,24.1,22.2,11.1,80.5,14
1944,September,9,34.4,32,23.3,21.7,12.7,144.5,11
1944,October,10,33.3,28.6,19.7,11.1,22.2,171.7,17
1944,November,11,28.9,26,14.9,6.7,22.2,7.6,2
1944,December,12,26.7,23.9,11.9,1.7,25,14.5,1
1945,January,1,28.3,24.6,12.2,3.9,24.4,43.2,7
1945,February,2,29.4,26.1,14.7,5,24.4,7.6,3
1945,March,3,31.1,27.8,17.7,6.7,24.4,18.8,2
1945,April,4,32.8,29.5,20.5,15,17.8,72.6,5
1945,May,5,33.3,29.9,18.9,11.7,21.6,48.8,3
1945,June,6,34.4,31.7,22.9,18.9,15.5,46,12
1945,July,7,33.3,32,23.1,21.1,12.2,186.7,17
1945,August,8,33.9,32,23.8,21.1,12.8,108.5,16
1945,September,9,33.3,31.3,23.4,21.7,11.6,227.1,17
1945,October,10,31.7,29.6,21.3,15.6,16.1,230.4,17
1945,November,11,30,25.7,16.9,7.2,22.8,35.6,10
1945,December,12,28.9,24.5,14.4,6.1,22.8,48.8,9
1946,January,1,30,25.1,15.5,6.7,23.3,28.2,7
1946,February,2,30,25.8,15.9,6.7,23.3,32.5,5
1946,March,3,31.7,27.2,17.4,8.9,22.8,56.1,5
1946,April,4,33.3,29.5,18.2,12.2,21.1,32.3,3
1946,May,5,33.3,30.7,22,20,13.3,207.8,16
1946,June,6,33.3,31.2,23.3,21.1,12.2,196.1,16
1946,July,7,33.9,32.2,22.5,21.1,12.8,299.2,19
1946,August,8,34.4,33,23.2,21.7,12.7,130.3,18
1946,September,9,32.8,31.8,22.9,21.1,11.7,133.1,22
1946,October,10,32.8,30,21.4,18.3,14.5,97.3,14
1946,November,11,31.1,28.5,20.4,16.1,15,130.8,14
1946,December,12,29.4,26.6,18.3,12.2,17.2,64.5,12
1947,January,1,30.6,27,18.7,7.2,23.4,47.5,13
1947,February,2,28.9,23,10.8,0,28.9,70.9,11
1947,March,3,30,25.8,13.6,5.6,24.4,50.5,8
1947,April,4,31.7,29.7,21.3,17.2,14.5,113,9
1947,May,5,33.3,30.3,21.1,16.7,16.6,157.5,11
1947,June,6,34.4,31.5,22.6,20.6,13.8,252.7,17
1947,July,7,33.3,31.5,22.9,21.1,12.2,343.2,21
1947,August,8,34.4,32,23.5,21.1,13.3,169.2,19
1947,September,9,33.9,31.1,23.9,21.7,12.2,272,19
1947,October,10,32.2,29.1,22.3,20,12.2,374.6,15
1947,November,11,30.6,28.4,20.4,16.7,13.9,115.8,10
1947,December,12,29.4,25.6,16.7,8.3,21.1,24.4,7
1948,January,1,28.3,24,14.8,1.1,27.2,98.8,9
1948,February,2,31.7,26.6,16.7,8.9,22.8,25.9,5
1948,March,3,31.7,28.7,20.5,13.9,17.8,13.5,7
1948,April,4,33.3,28.6,20,15.6,17.7,172.2,14
1948,May,5,33.3,30.5,20.5,16.7,16.6,168.9,9
1948,June,6,33.9,32.3,22.6,19.4,14.5,140.5,13
1948,July,7,33.3,32.2,23.4,21.7,11.6,168.7,20
1948,August,8,33.3,30.8,25.1,22.2,11.1,217.7,16
1948,September,9,33.9,31.2,23.6,21.7,12.2,584.7,22
1948,October,10,32.2,28.6,21.5,18.9,13.3,354.1,13
1948,November,11,31.1,29.1,20.7,16.1,15,18,6
1948,December,12,30,27.2,18.2,7.8,22.2,38.4,8
1949,January,1,28.9,26,16.5,3.9,25,2.8,2
1949,February,2,30.6,27.6,18.4,13.9,16.7,9.4,2
1949,March,3,29.4,26.8,16.3,10,19.4,183.4,5
1949,April,4,31.7,28.7,19.9,12.2,19.5,145.3,10
1949,May,5,34.4,30.1,20.5,16.7,17.7,154.2,10
1949,June,6,33.3,31.1,22.6,20.6,12.7,263.4,16
1949,July,7,33.3,31.9,24,22.2,11.1,100.6,15
1949,August,8,33.9,31.8,23.8,22.8,11.1,192.3,19
1949,September,9,35,31.4,23.7,21.1,13.9,230.4,18
1949,October,10,31.1,29.6,22.6,20,11.1,181.6,14
1949,November,11,29.4,25.1,15.6,5.6,23.8,31.2,8
1949,December,12,27.2,25.7,18.5,12.8,14.4,83.8,14
1950,January,1,26.7,26,19.6,16.1,10.6,12.7,4
1950,February,2,29.4,26,16.1,7.8,21.6,47,4
1950,March,3,31.7,27,17,6.7,25,16,6
1950,April,4,30.6,26.6,16,5.6,25,65.3,3
1950,May,5,32.8,29.8,21.6,16.7,16.1,83.1,9
1950,June,6,33.9,31.9,23.3,20,13.9,97,9
1950,July,7,34.4,31.4,23.5,20.6,13.8,202.9,18
1950,August,8,33.9,31.6,23.6,20,13.9,219.7,13
1950,September,9,33.3,31.3,23.1,21.1,12.2,97.8,18
1950,October,10,31.7,29.8,22.2,18.9,12.8,317,21
1950,November,11,28.9,25.5,15.6,3.9,25,67.6,10
1950,December,12,27.2,23.7,13.1,4.4,22.8,30.5,8
1951,January,1,26.7,23.7,13.2,2.2,24.5,1,2
1951,February,2,28.3,23.6,13.2,3.9,24.4,53.1,6
1951,March,3,29.4,26.1,16.6,8.3,21.1,11.9,3
1951,April,4,31.7,27.6,18.6,9.4,22.3,121.7,9
1951,May,5,34.4,30.9,20,15,19.4,42.2,4
1951,June,6,34.4,32.2,22.3,18.3,16.1,129,12
1951,July,7,33.3,31.8,23.5,21.7,11.6,219.5,17
1951,August,8,35,33.1,24.3,22.2,12.8,130.3,14
1951,September,9,33.9,32.4,24.5,22.8,11.1,66.8,11
1951,October,10,32.2,29.5,21.6,18.3,13.9,166.1,14
1951,November,11,30.6,26.3,17,6.7,23.9,13.7,5
1951,December,12,28.3,26.3,18.7,8.3,20,26.9,3
1952,January,1,28.9,25.4,16,6.1,22.8,15,4
1952,February,2,30.6,25.4,14.6,8.3,22.3,58.4,8
1952,March,3,32.2,28,19.2,7.2,25,51.1,6
1952,April,4,31.7,27.5,17.9,9.4,22.3,36.6,3
1952,May,5,32.2,30.3,21.8,16.1,16.1,17.3,5
1952,June,6,35,32.8,23.8,20.6,14.4,52.1,6
1952,July,7,35.6,32.6,24.6,22.2,13.4,181.4,14
1952,August,8,35,33.1,23.9,22.2,12.8,125.2,15
1952,September,9,34.4,32.2,24.3,21.7,12.7,113.8,15
1952,October,10,32.2,29,22.3,15,17.2,535.4,26
1952,November,11,30.6,27,18.8,10,20.6,6.3,4
1952,December,12,28.3,24.3,14.1,5.6,22.7,50.5,6
1953,January,1,29.4,23.9,15.7,7.2,22.2,154.4,7
1953,February,2,28.9,26,17.5,8.9,20,41.4,8
1953,March,3,31.1,28.3,19.1,9.4,21.7,20.6,3
1953,April,4,32.2,28.7,19.9,11.7,20.5,105.9,5
1953,May,5,32.8,30.7,23.1,17.8,15,80,6
1953,June,6,34.4,31.2,23.5,20.6,13.8,137.2,17
1953,July,7,33.9,32.2,23.9,21.1,12.8,169.2,16
1953,August,8,34.4,32.5,24.7,22.8,11.6,230.4,15
1953,September,9,32.8,31.4,24.1,21.7,11.1,332.7,23
1953,October,10,31.1,28.1,20.8,13.3,17.8,260.6,16
1953,November,11,28.9,26.3,18.6,7.8,21.1,62,10
1953,December,12,28.3,24.9,16.8,6.7,21.6,60.5,7
1954,January,1,29.4,25.1,16.1,6.7,22.7,12.4,4
1954,February,2,28.3,24.8,15.1,10,18.3,55.4,4
1954,March,3,31.7,25.6,16.1,7.8,23.9,49.8,5
1954,April,4,31.1,28.7,20.9,15.6,15.5,138.4,13
1954,May,5,33.3,30.4,22.1,18.3,15,341.1,17
1954,June,6,33.3,31.2,23.4,21.7,11.6,257.6,19
1954,July,7,34.4,32.1,24.5,21.7,12.7,233.9,16
1954,August,8,36.7,33.7,25,22.8,13.9,41.9,10
1954,September,9,35,31.6,24.4,22.8,12.2,210.3,20
1954,October,10,32.8,28.9,21.3,14.4,18.4,107.7,14
1954,November,11,29.4,26.2,16.9,11.7,17.7,121.2,7
1954,December,12,26.7,23.1,12.7,5,21.7,11.7,3
1955,January,1,28.3,24,12.5,5,23.3,18,4
1955,February,2,28.3,24.2,15.4,4.4,23.9,19.3,8
1955,March,3,31.1,26.7,17,9.4,21.7,5.8,3
1955,April,4,31.7,28.8,19.6,14.4,17.3,34.5,6
1955,May,5,33.3,30.3,20.7,14.4,18.9,95,8
1955,June,6,33.9,30.8,22.8,20,13.9,246.1,17
1955,July,7,33.9,30.9,23.5,21.7,12.2,200.4,21
1955,August,8,35.6,32.7,24.1,22.2,13.4,108.5,14
1955,September,9,33.3,31.7,24,22.2,11.1,140.2,16
1955,October,10,31.7,29.2,20.8,15,16.7,110.7,12
1955,November,11,28.9,27.3,17.7,8.3,20.6,24.9,4
1955,December,12,29.4,25.4,16.1,7.8,21.6,46.7,7
1956,January,1,27.2,22.3,11.8,3.9,23.3,44.2,4
1956,February,2,31.7,25.6,17.7,10,21.7,23.1,4
1956,March,3,31.1,26.6,15.9,5.6,25.5,0.5,2
1956,April,4,33.9,27.7,18.9,11.7,22.2,57.9,6
1956,May,5,34.4,30.1,22.5,19.4,15,138.2,10
1956,June,6,33.3,31.4,22.7,19.4,13.9,99.8,9
1956,July,7,33.9,32,24.3,21.7,12.2,59.4,13
1956,August,8,36.1,33.4,24.1,21.7,14.4,117.9,15
1956,September,9,33.3,30.8,23.2,20.6,12.7,243.6,20
1956,October,10,32.2,29.8,21.5,18.3,13.9,141.2,13
1956,November,11,30.6,26.2,15.7,5.6,25,8.6,8
1956,December,12,28.9,25.6,15.9,5.6,23.3,6.6,4
1957,January,1,28.3,26.2,16,8.3,20,2,2
1957,February,2,30,27,18.2,10.6,19.4,118.9,10
1957,March,3,31.7,26.5,16.3,7.8,23.9,68.1,9
1957,April,4,31.7,27.9,21.2,17.2,14.5,128,10
1957,May,5,31.7,29.4,22.3,18.9,12.8,256.8,14
1957,June,6,34.4,31.2,23.4,20,14.4,147.8,15
1957,July,7,33.9,31.7,23.5,21.7,12.2,242.3,16
1957,August,8,33.9,31.6,23.5,21.7,12.2,421.1,22
1957,September,9,32.8,31,24,21.7,11.1,84.3,18
1957,October,10,31.1,28.7,20.6,12.2,18.9,194.1,12
1957,November,11,30.6,27.9,19.8,12.2,18.4,64.5,4
1957,December,12,26.1,23,14.2,1.7,24.4,72.1,11
1958,January,1,26.1,20.5,12.1,3.9,22.2,144,12
1958,February,2,31.1,20.2,10.2,1.7,29.4,39.1,4
1958,March,3,30,25.2,16.8,8.3,21.7,131.1,9
1958,April,4,31.7,27.9,19.2,14.4,17.3,21.6,4
1958,May,5,31.1,28.5,21.8,14.4,16.7,460.8,14
1958,June,6,34.4,31.3,23.9,22.2,12.2,166.1,9
1958,July,7,33.3,31.3,24.8,22.8,10.5,167.1,14
1958,August,8,35.6,32.9,24.3,22.8,12.8,213.4,14
1958,September,9,33.9,31.7,24.3,22.2,11.7,122.4,14
1958,October,10,32.2,29.2,21.1,14.4,17.8,105.4,12
1958,November,11,31.7,28.5,21.1,16.7,15,93.5,7
1958,December,12,28.3,24.7,16.3,8.3,20,162.3,14
1959,January,1,28.9,23.6,14.6,4.4,24.5,56.1,8
1959,February,2,30.6,27.7,20,14.4,16.2,58.9,8
1959,March,3,30.6,26.2,17.5,8.3,22.3,123.2,13
1959,April,4,32.8,28,19.8,13.3,19.5,50.8,5
1959,May,5,31.7,28.7,22.2,17.2,14.5,156.5,15
1959,June,6,33.9,30.6,23,21.1,12.8,522.2,15
1959,July,7,32.8,30.5,23.6,22.2,10.6,208.3,20
1959,August,8,32.8,30.8,23.6,21.1,11.7,207.8,20
1959,September,9,32.2,30.8,23.2,21.7,10.5,329.7,22
1959,October,10,32.2,30.1,23.6,17.2,15,193.5,18
1959,November,11,30.6,26.9,19.6,5.6,25,334,11
1959,December,12,27.2,23.7,15.3,8.9,18.3,27.9,7
1960,January,1,29.4,24.1,14.4,1.1,28.3,4.8,4
1960,February,2,29.4,24.4,14.9,6.1,23.3,55.9,5
1960,March,3,30,24.9,14.6,6.7,23.3,17,3
1960,April,4,31.1,27.3,19.8,12.8,18.3,259.3,9
1960,May,5,32.2,29.3,20.7,14.4,17.8,87.9,9
1960,June,6,32.2,30.5,23.9,21.7,10.5,160.3,19
1960,July,7,33.9,32.4,25.1,22.8,11.1,133.9,15
1960,August,8,32.8,31.9,25.1,23.3,9.5,105.4,15
1960,September,9,32.8,30.8,24.5,22.8,10,619.8,22
1960,October,10,31.7,30.1,22.7,20.6,11.1,267.7,16
1960,November,11,29.4,27.5,19.9,13.9,15.5,59.9,8
1960,December,12,27.2,23.4,13.8,3.9,23.3,12.7,5
1961,January,1,27.8,22.7,13.9,3.9,23.9,130,7
1961,February,2,30.6,24.8,17,8.9,21.7,16,6
1961,March,3,30.6,27.2,19.2,8.9,21.7,48.5,7
1961,April,4,32.8,28.3,18.4,10.6,22.2,14.2,4
1961,May,5,32.2,29.4,21.6,16.7,15.5,173,11
1961,June,6,33.3,30.7,23.9,21.1,12.2,266.2,13
1961,July,7,33.3,31.8,25.4,23.3,10,48.5,9
1961,August,8,33.9,32.3,24.9,21.7,12.2,118.9,15
1961,September,9,33.3,31.7,23.9,21.7,11.6,86.4,10
1961,October,10,32.8,29.4,21.3,13.9,18.9,99.6,14
1961,November,11,28.9,27.1,19.1,13.3,15.6,54.6,9
1961,December,12,30,25.1,15.9,3.9,26.1,3.3,4
1962,January,1,27.8,24.6,15.4,3.3,24.5,37.1,7
1962,February,2,31.1,27.2,16.6,8.9,22.2,3.3,3
1962,March,3,31.7,26.3,16.1,5.6,26.1,70.6,6
1962,April,4,30.6,26.9,18.7,11.7,18.9,30.2,5
1962,May,5,33.3,29.7,20.3,15,18.3,23.4,4
1962,June,6,32.8,30.3,23.1,20.6,12.2,263.1,20
1962,July,7,33.9,32.3,24.7,22.8,11.1,95,10
1962,August,8,33.9,31.9,24.6,22.8,11.1,203.7,19
1962,September,9,32.8,30.9,23.6,21.7,11.1,198.6,18
1962,October,10,32.2,29.5,21.1,16.7,15.5,38.1,9
1962,November,11,28.3,24.4,15.6,7.2,21.1,105.4,5
1962,December,12,27.8,22.5,12.7,1.7,26.1,5.1,4
1963,January,1,29.4,24.1,14.9,6.7,22.7,16.5,7
1963,February,2,29.4,23.2,14.3,8.3,21.1,87.6,7
1963,March,3,31.1,27,19,11.1,20,18.5,4
1963,April,4,33.3,28.1,19.3,10.6,22.7,8.4,3
1963,May,5,30.6,28.9,21,12.8,17.8,161,10
1963,June,6,32.2,30.6,23.4,20.6,11.6,172.7,17
1963,July,7,35,32.2,24.6,22.2,12.8,45,11
1963,August,8,33.9,32.2,24.4,22.2,11.7,121.2,15
1963,September,9,32.8,30.8,24,21.1,11.7,282.4,17
1963,October,10,30,28.4,20.7,16.1,13.9,112.5,12
1963,November,11,28.9,25.7,17.9,7.2,21.7,36.3,6
1963,December,12,29.4,22.5,12.5,6.1,23.3,108.2,7
1964,January,1,29.4,23.4,16,2.2,27.2,11.4,3
1964,February,2,30.6,23.6,13.8,6.1,24.5,56.1,7
1964,March,3,32.2,27.2,20.1,11.7,20.5,12.7,3
1964,April,4,31.7,28.2,21.9,12.8,18.9,84.1,8
1964,May,5,32.2,28.7,22,18.3,13.9,118.6,10
1964,June,6,32.8,30.5,24.1,21.1,11.7,266.2,15
1964,July,7,33.3,31.5,24.9,22.8,10.5,140,18
1964,August,8,33.9,32.1,25.3,23.3,10.6,249.9,19
1964,September,9,33.3,31.3,24.6,22.8,10.5,107.2,16
1964,October,10,31.7,28.4,21.5,15,16.7,248.2,16
1964,November,11,28.3,27.1,20.5,14.4,13.9,76.2,7
1964,December,12,28.3,25.5,19.1,9.4,18.9,158.5,5
1965,January,1,28.9,24.5,14.4,1.7,27.2,50.3,12
1965,February,2,29.4,25.9,17.3,5,24.4,75.7,8
1965,March,3,31.7,27.1,18.6,7.8,23.9,100.8,5
1965,April,4,33.9,29.5,20.1,15,18.9,30.5,3
1965,May,5,33.3,29.5,22.1,16.1,17.2,11.2,3
1965,June,6,32.2,30.5,23.7,20.6,11.6,166.4,13
1965,July,7,33.3,31.3,23.5,21.1,12.2,166.6,18
1965,August,8,32.2,31.2,24,22.2,10,126.2,14
1965,September,9,33.3,29.6,23.6,21.1,12.2,289.1,18
1965,October,10,32.2,29.2,22,16.7,15.5,426.5,14
1965,November,11,29.4,27.2,19.7,15,14.4,24.4,5
1965,December,12,29.4,25.3,16.1,9.4,20,15.7,4
1966,January,1,27.2,23.1,14.7,1.7,25.5,100.8,13
1966,February,2,27.8,24.4,16.5,4.4,23.4,166.6,3
1966,March,3,27.8,25.1,16.3,8.3,19.5,82.6,8
1966,April,4,31.7,26.5,18.8,13.9,17.8,45.7,7
1966,May,5,31.1,28.8,21.8,19.4,11.7,140.5,10
1966,June,6,32.2,28.9,22.5,21.1,11.1,542.8,24
1966,July,7,34.4,30.8,23.7,21.7,12.7,215.9,19
1966,August,8,33.3,31.3,23.9,22.2,11.1,193.5,19
1966,September,9,33.9,30.9,23.7,21.1,12.8,203.2,18
1966,October,10,31.1,28.8,22.2,18.3,12.8,276.4,15
1966,November,11,30,25.6,16.8,6.7,23.3,97.5,12
1966,December,12,28.9,24.4,14.1,5,23.9,18.8,9
1967,January,1,30,26,17.7,5.6,24.4,69.8,10
1967,February,2,30,25.4,15.6,2.2,27.8,29,6
1967,March,3,31.1,26.7,18.6,11.7,19.4,91.4,10
1967,April,4,31.7,27.8,19.6,16.1,15.6,3.8,1
1967,May,5,33.9,30.3,22.2,19.4,14.5,42.7,5
1967,June,6,34.4,30.8,22.4,19.4,15,405.9,21
1967,July,7,32.8,31.3,24.7,22.2,10.6,141,17
1967,August,8,32.8,31.1,24.2,21.1,11.7,206.5,18
1967,September,9,33.3,31,23.8,22.2,11.1,233.2,13
1967,October,10,30.6,27.9,21.2,17.2,13.4,327.2,16
1967,November,11,28.3,25.8,17.7,13.3,15,96.8,11
1967,December,12,27.2,24.9,17.7,8.3,18.9,34.8,4
1968,January,1,26.7,23.2,14.7,3.3,23.4,48.8,6
1968,February,2,27.8,22.1,12,6.1,21.7,70.4,8
1968,March,3,27.2,23.5,15.4,2.8,24.4,22.4,5
1968,April,4,31.7,28.1,20.6,16.1,15.6,32.3,2
1968,May,5,32.2,28.2,22.4,18.3,13.9,470.9,21
1968,June,6,32.8,29.3,23.5,22.2,10.6,567.9,24
1968,July,7,32.8,30.6,24.5,22.8,10,156.2,16
1968,August,8,33.9,32,25.7,23.3,10.6,211.8,18
1968,September,9,33.9,31.5,24.2,22.2,11.7,282.2,21
1968,October,10,31.7,28.9,22,13.3,18.4,221.2,15
1968,November,11,30,26.2,17.2,7.8,22.2,30.7,5
1968,December,12,29.4,24.4,14,1.1,28.3,3.3,2
1969,January,1,26.1,23.6,15.9,10,16.1,169.2,9
1969,February,2,28.9,23.5,13.4,6.7,22.2,51.3,1
1969,March,3,30.6,24,15.8,7.8,22.8,50.3,11
1969,April,4,33.3,28.2,22.1,19.4,13.9,117.6,12
1969,May,5,31.1,29.5,23.4,21.1,10,203.7,13
1969,June,6,33.9,31.3,24.6,21.1,12.8,290.1,20
1969,July,7,35.6,32.6,25.2,22.2,13.4,215.4,18
1969,August,8,33.9,32.1,25.1,22.8,11.1,109.5,17
1969,September,9,33.3,31,25,23.3,10,209.3,13
1969,October,10,32.2,29.7,23.9,20,12.2,344.7,17
1969,November,11,30.6,25.5,17.1,9.4,21.2,25.7,9
1969,December,12,27.8,23.6,14,6.7,21.1,29.2,3
1970,January,1,27.8,22.4,12.9,1.7,26.1,67.1,7
1970,February,2,27.2,22.2,14.1,5.6,21.6,45,7
1970,March,3,31.7,25.4,18.8,8.9,22.8,66.3,6
1970,April,4,32.2,29.4,22.7,18.3,13.9,24.1,3
1970,May,5,31.7,29.3,23.1,17.2,14.5,278.9,9
1970,June,6,33.9,31,24.5,22.2,11.7,140.5,12
1970,July,7,32.8,31.2,25.1,22.8,10,113.8,16
1970,August,8,35.6,31.9,25.8,23.3,12.3,91.4,10
1970,September,9,32.2,30.6,25.1,21.7,10.5,225.8,17
1970,October,10,31.1,29.4,23.4,18.9,12.2,76.5,16
1970,November,11,28.9,25.5,16.3,4.4,24.5,2.3,4
1970,December,12,28.9,25.9,17.3,6.1,22.8,4.3,4
1971,January,1,28.9,24.8,15.4,1.7,27.2,13,3
1971,February,2,30.6,25.2,18,6.1,24.5,20.3,5
1971,March,3,32.2,26.4,16.1,7.2,25,10.2,3
1971,April,4,35.6,28.4,19.4,7.8,27.8,1.8,2
1971,May,5,33.3,30.1,22.2,16.1,17.2,104.9,7
1971,June,6,32.8,30.8,23.6,21.1,11.7,295.9,16
1971,July,7,32.8,31.3,25,22.2,10.6,119.9,13
1971,August,8,32.2,30.7,24.7,22.2,10,152.9,20
1971,September,9,31.7,29.9,24.1,22.8,8.9,244.6,19
1971,October,10,31.7,28.9,23.3,20,11.7,190,17
1971,November,11,28.9,26.5,20,13.3,15.6,24.9,9
1971,December,12,27.8,26.2,20.6,16.1,11.7,110,9
1972,January,1,28.3,25.9,19.7,13.3,15,40.6,8
1972,February,2,28.3,24.6,15.8,5.6,22.7,68.8,10
1972,March,3,30.6,26.5,18,13.9,16.7,76.5,7
1972,April,4,31.7,27.8,19.9,13.9,17.8,67.8,7
1972,May,5,30.6,28.8,21.8,19.4,11.2,348.2,18
1972,June,6,32.8,29.9,23.3,19.4,13.4,276.9,17
1972,July,7,31.7,30.4,24,22.2,9.5,181.1,13
1972,August,8,31.7,30.9,24.3,22.8,8.9,164.8,16
1972,September,9,31.7,30.1,23.7,22.2,9.5,129,13
1972,October,10,31.1,28.9,22.1,18.9,12.2,72.6,15
1972,November,11,29.4,26.2,19.7,12.2,17.2,70.4,10
1972,December,12,27.8,24.8,18.2,7.8,20,106.2,13
1973,January,1,29.4,25.2,17.4,5.6,23.8,86.6,8
1973,February,2,28.3,23.1,13.9,5.6,22.7,56.1,9
1973,March,3,28.9,26.7,20.5,11.7,17.2,44.7,5
1973,April,4,31.7,27.5,20.9,12.2,19.5,56.9,5
1973,May,5,32.8,29.9,23,17.2,15.6,27.4,8
1973,June,6,32.2,30.4,24.4,21.7,10.5,226.8,19
1973,July,7,32.2,30.9,24.4,22.2,10,156,15
1973,August,8,32.2,30.3,24.5,21.7,10.5,370.8,26
1973,September,9,32.2,30.3,25,22.8,9.4,167.4,20
1973,October,10,30.6,28.6,22,15,15.6,85.3,16
1973,November,11,30.6,27.4,21.6,13.3,17.3,11.7,5
1973,December,12,27.2,23.4,15.4,3.9,23.3,62.5,5
1974,January,1,27.8,26.1,20.8,17.2,10.6,64.5,9
1974,February,2,31.1,24.9,16.1,6.7,24.4,2.5,2
1974,March,3,32.2,28.1,20.3,11.7,20.5,57.7,4
1974,April,4,31.1,28,21.1,12.8,18.3,53.6,6
1974,May,5,33.9,30.3,23,17.8,16.1,66.8,12
1974,June,6,33.3,31.2,24.4,20.6,12.7,206.2,19
1974,July,7,33.9,31.5,24.7,23.3,10.6,154.7,21
1974,August,8,33.3,31.8,25.9,23.9,9.4,236,20
1974,September,9,33.3,31.9,25.9,24.4,8.9,162.1,22
1974,October,10,30.6,28.5,22.7,18.9,11.7,93.5,13
1974,November,11,28.9,26.5,18.9,11.1,17.8,117.3,9
1974,December,12,28.9,24.5,16.6,8.3,20.6,29.7,4
1975,January,1,28.9,26,19.3,7.8,21.1,35.3,7
1975,February,2,29.4,26.8,18.8,11.7,17.7,22.9,7
1975,March,3,31.7,27.1,18.8,8.9,22.8,15.5,4
1975,April,4,33.9,29.1,21.5,11.1,22.8,13.5,3
1975,May,5,32.8,29.8,22.8,20,12.8,125.5,16
1975,June,6,33.3,30.9,24.1,22.8,10.5,161.8,16
1975,July,7,32.2,30.3,24.2,21.7,10.5,126.7,16
1975,August,8,32.2,30.9,25.3,23.3,8.9,131.8,17
1975,September,9,33.3,30.8,24.7,22.8,10.5,119.1,16
1975,October,10,31.1,29.2,23.2,19.4,11.7,158.8,17
1975,November,11,28.9,25.8,18.9,6.7,22.2,71.1,10
1975,December,12,27.8,24.4,16.7,5.6,22.2,11.2,5
1976,January,1,28.9,22.8,13.5,4.4,24.5,24.1,5
1976,February,2,27.2,24.3,16.6,7.8,19.4,89.9,9
1976,March,3,30.6,27.4,21.2,13.9,16.7,5.8,3
1976,April,4,31.1,27.5,20.3,15.6,15.5,105.9,9
1976,May,5,30.6,28.6,23,21.1,9.5,265.4,14
1976,June,6,30.6,28.6,23.7,21.7,8.9,173,15
1976,July,7,33.9,31.4,25.4,22.8,11.1,97.3,9
1976,August,8,33.9,30.7,24.7,22.2,11.7,240,20
1976,September,9,31.1,29.8,24,21.7,9.4,196.8,17
1976,October,10,30.6,27.8,21.4,15,15.6,112.3,9
1976,November,11,28.3,25.3,18.5,11.7,16.6,68.3,6
1976,December,12,29.4,24.5,15.7,6.7,22.7,40.9,10
1977,January,1,28.3,21.4,10.9,-0.6,28.9,36.6,5
1977,February,2,29.4,23.2,14.6,5,24.4,53.3,5
1977,March,3,33.3,27,20.7,12.2,21.1,23.1,1
1977,April,4,32.8,27.1,20.4,15,17.8,50,6
1977,May,5,31.7,28.2,21.8,17.8,13.9,401.8,13
1977,June,6,33.3,30.7,24.4,21.1,12.2,315.5,13
1977,July,7,33.3,31.4,26,22.8,10.5,132.8,13
1977,August,8,32.8,31,25.9,23.9,8.9,210.3,23
1977,September,9,33.3,30.9,25.7,23.9,9.4,178.8,13
1977,October,10,33.3,28.4,21.1,14.4,18.9,31.8,7
1977,November,11,30,26.7,20,10,20,150.9,9
1977,December,12,28.9,24.7,16.5,6.1,22.8,64.8,10
1978,January,1,27.2,22,13.5,4.4,22.8,52.6,10
1978,February,2,27.2,21.6,13,3.9,23.3,87.4,8
1978,March,3,28.3,24.6,16.4,7.2,21.1,74.2,7
1978,April,4,31.1,26.7,19.9,15,16.1,88.9,6
1978,May,5,32.2,29.4,23,17.8,14.4,143.8,15
1978,June,6,32.2,30.6,24.8,22.8,9.4,134.4,20
1978,July,7,32.2,30.9,25.1,22.8,9.4,68.3,15
1978,August,8,33.3,30.9,25.3,22.8,10.5,99.8,15
1978,September,9,32.2,31.1,24.4,22.2,10,86.9,17
1978,October,10,32.2,28.7,23.3,19.4,12.8,195.1,21
1978,November,11,29.4,27.3,21.2,15.6,13.8,80.5,9
1978,December,12,30.6,26.2,19.3,13.3,17.3,52.3,9
1979,January,1,27.2,22.5,14.1,4.4,22.8,32.5,10
1979,February,2,28.3,22.7,13.8,5,23.3,14.5,7
1979,March,3,30,24.8,16.5,9.4,20.6,7.6,4
1979,April,4,32.2,28.8,22.1,18.9,13.3,439.2,4
1979,May,5,33.3,29.9,24.1,20.6,12.7,134.4,10
1979,June,6,34.4,30.9,24.6,21.1,13.3,103.1,11
1979,July,7,32.8,31.6,25.2,22.2,10.6,128.5,10
1979,August,8,32.2,31,24.6,22.8,9.4,122.2,15
1979,September,9,32.8,29.7,24.4,22.8,10,339.3,21
1979,October,10,31.1,28.7,22.2,18.3,12.8,92.2,13
1979,November,11,30,27.2,21,10.6,19.4,41.1,14
1979,December,12,28.3,24.8,17.6,11.1,17.2,72.1,4
1980,January,1,30,23.9,15.5,7.8,22.2,48,4
1980,February,2,29.4,22.6,12.9,5.6,23.8,22.4,6
1980,March,3,31.7,26.6,19.1,0,31.7,80.5,1
1980,April,4,31.7,27.7,20.4,14.4,17.3,259.1,9
1980,May,5,33.3,29.5,22.7,18.9,14.4,54.4,10
1980,June,6,33.9,30.9,23.9,22.2,11.7,76.7,12
1980,July,7,35,31.7,24.5,21.7,13.3,238.8,17
1980,August,8,33.3,31.5,25,22.8,10.5,287.5,16
1980,September,9,33.9,30.9,24.7,20.6,13.3,142.2,12
1980,October,10,35,30.2,23.2,14.4,20.6,153.7,12
1980,November,11,31.1,26.9,20.1,10.6,20.5,88.1,11
1980,December,12,27.8,24,15.1,6.7,21.1,5.1,3
1981,January,1,26.7,21.8,9,0,26.7,15.5,4
1981,February,2,29.4,25.4,16.2,4.4,25,118.4,9
1981,March,3,29.4,26,16.3,10,19.4,33.5,5
1981,April,4,32.2,28.8,22,20,12.2,1.3,1
1981,May,5,33.9,31.2,21.7,16.7,17.2,125.5,8
1981,June,6,35,32.5,25,21.1,13.9,139.4,12
1981,July,7,36.7,33.7,25.1,23.3,13.4,70.6,16
1981,August,8,35,31.9,24.9,22.2,12.8,311.1,18
1981,September,9,33.9,30.9,23.7,21.7,12.2,375.7,22
1981,October,10,33.3,30.2,22.8,18.9,14.4,41.1,10
1981,November,11,29.4,26.6,17.1,11.7,17.7,54.4,7
1981,December,12,30,24.5,15.2,2.2,27.8,3.6,2
1982,January,1,30.6,24.9,14.9,0.6,30,11.2,6
1982,February,2,31.7,27.8,19.3,11.7,20,31,8
1982,March,3,31.1,27.8,19.6,12.2,18.9,107.2,13
1982,April,4,33.9,29.3,21.7,15.6,18.3,235.5,7
1982,May,5,31.7,28.5,21.7,17.8,13.9,223.5,11
1982,June,6,34.4,31.4,24.1,21.1,13.3,274.8,14
1982,July,7,35,32.7,25.4,23.3,11.7,97.5,19
1982,August,8,35.6,32.4,25.3,22.2,13.4,147.1,18
1982,September,9,32.8,31.6,24.6,22.8,10,193.5,18
1982,October,10,33.3,28.8,22.2,15,18.3,180.8,14
1982,November,11,29.4,27.2,20.5,13.9,15.5,180.1,15
1982,December,12,28.9,26.1,19,7.2,21.7,30,6
1983,January,1,28.3,23.8,15.3,6.1,22.2,136.1,10
1983,February,2,26.7,23.7,15.7,9.4,17.3,205,9
1983,March,3,28.3,24.4,15.1,6.7,21.6,71.6,9
1983,April,4,28.9,26.8,17.4,10,18.9,45.5,6
1983,May,5,32.8,30,21.4,17.8,15,36.6,3
1983,June,6,33.9,31.6,23.7,21.1,12.8,220,18
1983,July,7,36.7,33.2,25.7,21.7,15,157.5,11
1983,August,8,36.1,32.7,24.2,21.7,14.4,149.4,21
1983,September,9,33.9,31.4,23.6,20,13.9,190,19
1983,October,10,31.7,29.2,22.2,18.9,12.8,89.4,13
1983,November,11,29.4,26.7,18.2,11.7,17.7,51.1,11
1983,December,12,30,25.2,16.7,0.6,29.4,106.4,9
1984,January,1,31.1,24.4,14.4,6.7,24.4,4.6,3
1984,February,2,28.9,24.7,15.9,6.7,22.2,17.8,9
1984,March,3,31.7,26.2,16.5,6.7,25,155.4,6
1984,April,4,30.6,27.4,18.3,12.8,17.8,114.6,7
1984,May,5,32.8,28.8,21.2,17.8,15,277.1,12
1984,June,6,34.4,30.5,22.6,15.6,18.8,183.9,12
1984,July,7,32.2,31.4,24.1,21.7,10.5,187.5,20
1984,August,8,35.6,32.2,24,21.1,14.5,138.2,18
1984,September,9,32.2,30.3,23.1,20.6,11.6,265.4,21
1984,October,10,30.6,29.2,22.1,18.3,12.3,59.7,13
1984,November,11,30,26,17.9,9.4,20.6,102.6,10
1984,December,12,28.9,25.9,17.4,7.2,21.7,17.8,6
1985,January,1,27.8,22.6,10.8,-1.1,28.9,8.9,3
1985,February,2,30.6,25,15.4,5.6,25,1.5,3
1985,March,3,30.6,27,18,11.1,19.5,34.3,5
1985,April,4,32.8,27.9,18.9,11.7,21.1,83.1,7
1985,May,5,34.4,31.3,21.1,17.8,16.6,81,6
1985,June,6,36.7,32.3,23.6,21.7,15,160.8,14
1985,July,7,35,31.4,23.1,20.6,14.4,285.2,18
1985,August,8,33.3,32,24,20.6,12.7,301.8,18
1985,September,9,32.8,30.8,23.2,20.6,12.2,218.2,16
1985,October,10,31.7,30.6,23.2,21.1,10.6,131.3,17
1985,November,11,30.6,27.9,20.5,11.7,18.9,34.8,10
1985,December,12,28.9,23.5,14.1,3.3,25.6,88.1,10
1986,January,1,27.8,23.6,13.3,2.2,25.6,128,8
1986,February,2,29.4,26.2,15.3,7.8,21.6,43.7,5
1986,March,3,29.4,25.1,15.6,3.9,25.5,268.5,13
1986,April,4,33.3,27.6,16.4,12.8,20.5,18,2
1986,May,5,32.2,29,21.5,16.7,15.5,209.3,10
1986,June,6,33.3,31.2,23.6,22.2,11.1,230.1,16
1986,July,7,35,32.5,24.2,22.8,12.2,198.4,18
1986,August,8,33.9,32.4,24.8,23.3,10.6,194.8,21
1986,September,9,33.9,32.4,24.5,22.2,11.7,111.3,13
1986,October,10,33.3,31,22.7,18.9,14.4,100.6,11
1986,November,11,31.7,29.8,22.7,20,11.7,120.6,15
1986,December,12,30.6,26.8,19.4,15,15.6,56.1,10
1987,January,1,31.1,24.5,13.3,5,26.1,22.1,5
1987,February,2,30.6,25.8,17.3,7.8,22.8,66.5,8
1987,March,3,30,26.3,18,11.1,18.9,97,7
1987,April,4,32.2,27.1,15.8,8.9,23.3,9.7,3
1987,May,5,31.1,29.5,22.3,16.1,15,126.7,14
1987,June,6,36.1,32.5,25.4,22.2,13.9,139.2,10
1987,July,7,35.6,32.7,25.3,22.8,12.8,131.3,18
1987,August,8,36.7,33.6,25.7,22.8,13.9,82.3,12
1987,September,9,36.1,32.9,24.5,22.8,13.3,258.3,17
1987,October,10,31.7,29.2,21.5,16.7,15,110,10
1987,November,11,31.1,27.4,20.7,11.1,20,125,14
1987,December,12,28.9,25.3,16.7,8.9,20,108.7,4
1988,January,1,28.9,23.9,15.9,7.2,21.7,47.8,11
1988,February,2,30.6,24.5,15.2,7.2,23.4,15.5,3
1988,March,3,29.4,25.2,17.8,6.7,22.7,9.9,6
1988,April,4,33.9,29.5,19.5,12.8,21.1,46.2,4
1988,May,5,33.9,29.9,21.1,16.1,17.8,134.1,11
1988,June,6,34.4,31.4,24.1,20.6,13.8,263.1,14
1988,July,7,34.4,32.3,24.5,22.2,12.2,276.9,21
1988,August,8,34.4,32.2,25.1,22.2,12.2,200.4,18
1988,September,9,33.9,32.3,25.4,23.3,10.6,78.5,13
1988,October,10,33.9,30.6,21.7,18.3,15.6,37.8,6
1988,November,11,31.7,28.7,21.1,14.4,17.3,19.3,8
1988,December,12,28.3,25.8,17,6.1,22.2,3,3
1989,January,1,29.4,27.3,17.9,12.2,17.2,17,5
1989,February,2,30,26.4,16.6,2.8,27.2,18,3
1989,March,3,31.1,27.5,18.7,8.9,22.2,22.6,7
1989,April,4,32.8,29.6,20.4,15,17.8,54.4,7
1989,May,5,35,31.8,22.6,16.1,18.9,25.1,8
1989,June,6,33.3,31.6,24.7,21.7,11.6,275.1,12
1989,July,7,33.9,32.3,24.7,22.2,11.7,89.7,18
1989,August,8,36.1,33,25,22.2,13.9,324.6,20
1989,September,9,35,32.7,25.1,22.2,12.8,148.1,15
1989,October,10,34.4,30.5,21.8,11.7,22.7,67.3,9
1989,November,11,31.7,28.7,20.4,12.2,19.5,25.1,5
1989,December,12,30.6,23.8,12.8,-1.1,31.7,15.7,7
1990,January,1,30,27.3,18.9,9.4,20.6,6.1,4
1990,February,2,30,27.1,19.5,11.1,18.9,30.2,6
1990,March,3,29.4,27,19.3,15,14.4,57.9,12
1990,April,4,32.8,28.1,19.9,12.2,20.6,176.8,11
1990,May,5,35,30.4,23.2,20,15,197.9,10
1990,June,6,34.4,32.4,24.2,20.6,13.8,173.7,11
1990,July,7,36.1,32.9,24.3,21.7,14.4,109.5,16
1990,August,8,36.7,33,24.3,22.2,14.5,280.9,21
1990,September,9,34.4,32.2,24.6,22.2,12.2,89.4,13
1990,October,10,33.9,30.5,23.3,13.3,20.6,122.4,14
1990,November,11,30.6,27.6,19.4,13.3,17.3,42.4,8
1990,December,12,30,26.7,18.7,10.6,19.4,26.2,9
1991,January,1,30.6,26.6,18.8,12.2,18.4,40.4,12
1991,February,2,31.7,25.6,16.3,5,26.7,51.8,7
1991,March,3,32.2,27.5,19,10,22.2,58.9,8
1991,April,4,34.4,29.4,22,17.2,17.2,131.1,12
1991,May,5,33.9,30.6,24.3,22.2,11.7,63.5,10
1991,June,6,35,32.4,24.2,22.2,12.8,190.8,18
1991,July,7,33.9,32.5,24.7,22.8,11.1,185.2,20
1991,August,8,35,33.3,25.1,22.8,12.2,224.5,17
1991,September,9,33.9,31.7,24.3,22.2,11.7,283.7,22
1991,October,10,32.8,29.5,22.6,16.7,16.1,549.7,21
1991,November,11,30.6,26.8,18.9,11.7,18.9,30,9
1991,December,12,29.4,26.3,18.4,12.2,17.2,4.6,4
1992,January,1,28.3,24.2,15.1,7.8,20.5,45.7,6
1992,February,2,30,25.6,17.2,12.2,17.8,37.8,6
1992,March,3,31.7,26.7,17.5,11.7,20,67.8,6
1992,April,4,31.1,27.2,19.5,12.2,18.9,61.7,5
1992,May,5,32.8,30.2,20.6,13.3,19.5,14,5
1992,June,6,34.4,31.4,23.6,22.2,12.2,334.5,22
1992,July,7,36.1,33.1,25.7,22.8,13.3,106.9,12
1992,August,8,35,32.8,25.4,23.3,11.7,183.4,17
1992,September,9,34.4,31.8,25.1,22.2,12.2,164.6,20
1992,October,10,33.3,30,22.7,18.9,14.4,51.3,8
1992,November,11,31.1,28,21.7,12.8,18.3,351.5,16
1992,December,12,28.9,26.2,17.8,9.4,19.5,49.3,5
1993,January,1,29.4,26.5,19.4,12.2,17.2,128,14
1993,February,2,29.4,24.9,16.1,10,19.4,54.4,8
1993,March,3,31.7,26.1,17.7,6.7,25,151.9,8
1993,April,4,31.1,27.5,19.2,14.4,16.7,78.2,5
1993,May,5,32.2,29.6,22.8,19.4,12.8,104.9,9
1993,June,6,35,31.8,25.1,22.2,12.8,92.5,14
1993,July,7,35.6,33.2,25.1,22.8,12.8,184.9,14
1993,August,8,36.1,33.2,25.4,23.3,12.8,130.3,13
1993,September,9,33.9,31.8,24.8,23.3,10.6,319.8,18
1993,October,10,32.2,30.8,23.4,16.1,16.1,183.6,15
1993,November,11,30.6,28.2,20.6,11.1,19.5,153.9,7
1993,December,12,28.9,25.5,15.5,8.3,20.6,12.4,1
1994,January,1,29.4,24.4,17,10,19.4,91.2,15
1994,February,2,31.7,26.2,19.6,11.1,20.6,143.8,10
1994,March,3,32.8,27.8,18.9,11.7,21.1,49.3,4
1994,April,4,31.1,29.1,22.2,17.2,13.9,54.4,11
1994,May,5,33.9,31.2,23.3,18.9,15,119.9,7
1994,June,6,35.6,32.3,25,22.2,13.4,126.2,17
1994,July,7,33.3,32.1,25.3,22.2,11.1,77,15
1994,August,8,33.9,31.6,24.7,21.7,12.2,422.7,20
1994,September,9,34.4,30.8,24.6,22.2,12.2,342.9,17
1994,October,10,32.2,30.4,23.2,21.1,11.1,241.3,12
1994,November,11,30.6,28.2,22,17.2,13.4,226.6,8
1994,December,12,29.4,25.9,18.5,11.1,18.3,125.7,11
1995,January,1,28.9,24,15.2,8.9,20,79.5,9
1995,February,2,30,24.4,15.5,3.9,26.1,35.8,5
1995,March,3,31.7,27,19.1,12.8,18.9,116.8,7
1995,April,4,32.8,29.1,21.4,15.6,17.2,94.7,10
1995,May,5,35.6,31.5,24.2,20,15.6,74.7,8
1995,June,6,35.6,30.9,24.3,21.7,13.9,516.4,15
1995,July,7,36.1,32.8,25.5,23.3,12.8,161.5,14
1995,August,8,36.1,32.6,25.4,22.2,13.9,333.5,21
1995,September,9,34.4,32.3,25.1,22.8,11.6,263.4,17
1995,October,10,32.2,30.3,24.6,22.2,10,251.7,18
1995,November,11,31.7,27.3,19.1,12.2,19.5,64.3,6
1995,December,12,28.9,24.1,16,4.4,24.5,21.8,8
1996,January,1,30,24.6,15.4,3.3,26.7,59.2,6
1996,February,2,29.4,24.9,13.7,2.8,26.6,20.3,3
1996,March,3,31.7,25.3,16.6,7.8,23.9,35.6,5
1996,April,4,33.3,28.2,20.6,13.9,19.4,85.6,5
1996,May,5,33.9,30.9,23.8,21.7,12.2,210.8,19
1996,June,6,34.4,31.9,24.1,22.2,12.2,296.4,20
1996,July,7,33.9,32.5,25.8,22.2,11.7,133.3,15
1996,August,8,33.9,32.1,24.7,22.2,11.7,141,16
1996,September,9,33.9,32.1,24.7,22.8,11.1,183.1,16
1996,October,10,30.6,28.9,22.7,17.8,12.8,256.5,15
1996,November,11,30,26.9,20.1,13.3,16.7,17.5,6
1996,December,12,29.4,25.6,16.9,6.1,23.3,26.4,8
1997,January,1,28.9,24.6,15.7,2.8,26.1,43.4,7
1997,February,2,29.4,27.1,19.8,11.1,18.3,39.9,6
1997,March,3,30.6,28.4,20.9,17.2,13.4,52.3,8
1997,April,4,32.2,28.1,20.4,12.2,20,131.1,13
1997,May,5,34.4,30.6,23.3,20.6,13.8,248.9,8
1997,June,6,33.3,31.7,24,22.2,11.1,334.8,22
1997,July,7,34.4,32.6,25.3,22.8,11.6,193.5,22
1997,August,8,34.4,32.8,25.3,22.8,11.6,159.5,22
1997,September,9,32.8,30.9,24.1,22.8,10,316.7,23
1997,October,10,32.2,29.4,22.3,16.1,16.1,66,12
1997,November,11,31.7,26.9,19.9,11.1,20.6,73.4,7
1997,December,12,30,24.3,16.7,10,20,133.9,8
1998,January,1,28.9,24.7,17.6,9.4,19.5,26.4,13
1998,February,2,28.9,24.6,16.7,10,18.9,168.1,12
1998,March,3,28.9,24.8,16.9,9.4,19.5,151.6,9
1998,April,4,32.2,28.1,20.8,15,17.2,16.8,4
1998,May,5,33.9,31.3,22.8,16.7,17.2,87.6,7
1998,June,6,35.6,33.6,25.6,22.2,13.4,169.4,11
1998,July,7,36.7,33.2,25.5,22.8,13.9,137.4,16
1998,August,8,35,33,25.7,21.1,13.9,296.2,23
1998,September,9,34.4,31.6,25.3,22.8,11.6,366,19
1998,October,10,33.3,30.1,24.1,19.4,13.9,144.8,11
1998,November,11,29.4,27.9,21.3,16.1,13.3,169.2,5
1998,December,12,28.3,26.5,19.5,11.7,16.6,50.3,13
1999,January,1,27.8,25.1,17,6.7,21.1,75.7,9
1999,February,2,28.9,25.5,16.2,10.6,18.3,6.9,5
1999,March,3,28.9,26.2,16.6,9.4,19.5,6.3,3
1999,April,4,33.3,29.9,20.9,14.4,18.9,37.1,3
1999,May,5,32.8,30.4,21.4,14.4,18.4,124.2,13
1999,June,6,32.8,30.6,23.6,22.2,10.6,281.4,19
1999,July,7,35.6,32.3,25.4,22.2,13.4,91.4,15
1999,August,8,35.6,32.8,24.5,22.8,12.8,352.3,22
1999,September,9,33.9,31.2,24.3,22.8,11.1,178.1,17
1999,October,10,31.1,29.2,23.2,17.2,13.9,369.6,19
1999,November,11,29.4,27,20,15,14.4,36.8,7
1999,December,12,28.9,24.9,17.3,7.2,21.7,68.1,13
2000,January,1,28.9,24.6,16,6.1,22.8,13.2,5
2000,February,2,28.3,25,16.7,9.4,18.9,31.5,10
2000,March,3,32.8,28,19.7,16.1,16.7,8.9,5
2000,April,4,31.7,28.4,19.6,15,16.7,85.3,4
2000,May,5,33.9,30.5,23.1,20.6,13.3,45.7,8
2000,June,6,33.9,31.3,24.3,21.7,12.2,131.8,18
2000,July,7,35,32.7,24.9,22.8,12.2,134.4,20
2000,August,8,33.9,32.2,24.9,22.8,11.1,188.5,23
2000,September,9,33.3,31.6,25,22.8,10.5,268.7,16
2000,October,10,33.9,29,22.2,19.4,14.5,473.7,13
2000,November,11,31.1,27.3,18.8,10.6,20.5,12.7,5
2000,December,12,28.9,24.3,16.6,5.6,23.3,156.2,9
2001,January,1,28.3,22.7,11.9,3.9,24.4,15.2,4
2001,February,2,30.6,27.1,19.7,13.9,16.7,1.3,2
2001,March,3,32.8,27.9,18.2,10,22.8,120.9,8
2001,April,4,32.2,28.2,20.7,14.4,17.8,45.5,7
2001,May,5,32.2,28.9,21.8,18.3,13.9,154.9,14
2001,June,6,33.9,32,24.2,21.1,12.8,227.1,18
2001,July,7,34.4,31.9,24.3,21.7,12.7,175.8,17
2001,August,8,34.4,32.4,25.7,22.2,12.2,184.7,12
2001,September,9,33.3,30.7,24.3,21.1,12.2,456.9,17
2001,October,10,32.2,29.2,23.1,15,17.2,334.3,18
2001,November,11,28.9,26.9,20,17.8,11.1,36.1,9
2001,December,12,28.9,26.2,19.7,9.4,19.5,77,9
2002,January,1,28.9,25.2,16.7,5.6,23.3,5.6,3
2002,February,2,28.9,25.2,17,7.8,21.1,90.9,8
2002,March,3,31.1,27.8,20.2,10.6,20.5,22.6,4
2002,April,4,32.8,29.3,22.3,19.4,13.4,33.5,5
2002,May,5,32.8,30.5,23.7,20,12.8,209,10
2002,June,6,33.3,30.1,23.6,21.7,11.6,391.4,21
2002,July,7,34.4,31.8,24.8,20.6,13.8,324.1,20
2002,August,8,35,32.6,25.1,22.2,12.8,166.4,22
2002,September,9,33.9,31.9,25.1,21.1,12.8,164.6,22
2002,October,10,33.3,31.4,24.2,21.1,12.2,18.3,8
2002,November,11,32.8,27.6,18.8,10,22.8,95,9
2002,December,12,30,25.7,17.1,10,20,86.1,7
2003,January,1,28.9,22.7,12,2.2,26.7,10.9,5
2003,February,2,30.6,27.3,18.2,10.6,20,21.1,4
2003,March,3,33.9,30.2,21.6,12.2,21.7,98.8,9
2003,April,4,31.7,28.3,20.3,11.7,20,72.9,7
2003,May,5,32.8,31.1,23.8,21.1,11.7,280.7,17
2003,June,6,33.3,31.2,24.6,22.8,10.5,303.3,20
2003,July,7,33.3,32.4,25.9,22.8,10.5,160.5,12
2003,August,8,33.3,31.8,25,22.8,10.5,245.1,24
2003,September,9,33.3,31.3,24.5,22.8,10.5,334.8,23
2003,October,10,32.8,30.4,23.7,21.1,11.7,103.9,7
2003,November,11,30,27.9,20.9,12.8,17.2,168.7,10
2003,December,12,28.9,23.8,15.1,7.8,21.1,31.5,3
2004,January,1,28.9,24,14.6,9.4,19.5,64,5
2004,February,2,29.4,25.9,17.1,9.4,20,78.2,7
2004,March,3,29.4,26.5,18.8,13.3,16.1,38.1,7
2004,April,4,31.1,27.6,18.9,12.2,18.9,101.6,8
2004,May,5,33.9,29.8,23.1,20,13.9,62.2,7
2004,June,6,33.9,32.5,25.2,22.8,11.1,172.5,13
2004,July,7,35,32.9,25.2,22.8,12.2,171.2,16
2004,August,8,33.9,32.5,25,22.8,11.1,256.3,18
2004,September,9,33.3,31.1,25.1,23.3,10,276.4,19
2004,October,10,31.1,29.6,22.8,18.3,12.8,140.7,14
2004,November,11,30,27.5,20.4,14.4,15.6,8.6,7
2004,December,12,28.9,24.5,16.3,7.8,21.1,13,5
2005,January,1,26.7,24.2,15.8,6.1,20.6,48.8,5
2005,February,2,28.3,24.7,15.9,7.8,20.5,15.7,6
2005,March,3,32.2,26.3,17.3,10.6,21.6,100.8,7
2005,April,4,31.7,27.6,18.6,13.9,17.8,83.1,4
2005,May,5,33.9,30.1,22.3,18.3,15.6,189.7,12
2005,June,6,34.4,30.9,23.9,21.7,12.7,447,23
2005,July,7,35,33,26,23.3,11.7,127,14
2005,August,8,35,33.2,25.9,22.8,12.2,235.5,18
2005,September,9,33.9,32,24.8,21.1,12.8,251.7,17
2005,October,10,33.3,29.5,23.1,13.3,20,139.2,14
2005,November,11,29.4,27.6,20.7,11.1,18.3,68.6,10
2005,December,12,28.9,24.9,16.6,10,18.9,25.4,7
2006,January,1,28.3,24.6,16.8,7.8,20.5,8.1,5
2006,February,2,28.9,24.5,14.9,6.7,22.2,88.1,4
2006,March,3,32.2,26.6,17.9,11.1,21.1,27.9,2
2006,April,4,33.3,29.4,20.9,17.8,15.5,5.8,4
2006,May,5,33.3,30.8,21.9,18.9,14.4,218.9,9
2006,June,6,33.9,31.6,24.7,21.7,12.2,179.1,16
2006,July,7,33.3,31.7,24.9,22.8,10.5,185.9,19
2006,August,8,35.6,32.4,25.1,21.1,14.5,328.9,18
2006,September,9,35,31.8,24.6,22.8,12.2,424.9,16
2006,October,10,32.8,30.6,22.9,15.6,17.2,41.7,8
2006,November,11,30.6,26.5,19,7.2,23.4,41.4,6
2006,December,12,28.9,26.5,20.6,13.3,15.6,79,11
2007,January,1,29.4,26.3,18.7,10.6,18.8,13.7,9
2007,February,2,30.6,25.1,16.2,5.6,25,54.1,8
2007,March,3,32.2,27,19.5,11.7,20.5,68.6,6
2007,April,4,32.8,28.3,19.6,12.2,20.6,135.4,7
2007,May,5,32.8,29.6,22.1,16.1,16.7,134.1,13
2007,June,6,34.4,31.5,23.4,19.4,15,386.6,19
2007,July,7,33.9,32.7,25,22.2,11.7,229.4,18
2007,August,8,36.1,33.1,25.8,23.9,12.2,112.8,15
2007,September,9,35.6,32.3,24.5,21.7,13.9,208.8,15
2007,October,10,32.8,30.3,24.7,21.7,11.1,244.6,23
2007,November,11,29.4,27.6,20.1,13.9,15.5,16.8,5
2007,December,12,30,27.6,20.1,11.7,18.3,20.1,11
2008,January,1,28.9,25.4,17.1,3.9,25,31.8,8
2008,February,2,31.7,27.5,19.4,10,21.7,104.4,10
2008,March,3,32.8,27.6,19.6,11.1,21.7,133.1,6
2008,April,4,32.2,28.7,21.1,13.3,18.9,96,9
2008,May,5,35.6,31.5,23.4,19.4,16.2,43.4,8
2008,June,6,33.3,32,25,21.7,11.6,244.6,18
2008,July,7,33.3,32.1,24.4,21.7,11.6,226.8,18
2008,August,8,33.9,32.7,25,22.8,11.1,253.7,22
2008,September,9,32.8,31.6,25.6,22.8,10,199.9,16
2008,October,10,32.2,28.9,22.4,12.8,19.4,165.4,11
2008,November,11,31.1,26.4,17.7,11.1,20,24.6,5
2008,December,12,27.8,25.9,18.2,10.6,17.2,7.1,7
2009,January,1,30,24.7,14.8,5.6,24.4,8.6,4
2009,February,2,29.4,24.6,15.4,3.3,26.1,3,2
2009,March,3,31.1,26.6,18.7,8.3,22.8,45.2,8
2009,April,4,33.3,29.1,20.9,12.2,21.1,29.7,7
2009,May,5,33.3,30.8,23.1,20.6,12.7,191.3,17
2009,June,6,36.7,32.7,24.4,21.7,15,295.7,19
2009,July,7,35,33.3,25.5,23.3,11.7,156.7,14
2009,August,8,34.4,33.1,26.2,23.3,11.1,200.9,20
2009,September,9,34.4,32.3,25.4,23.9,10.5,173.5,19
2009,October,10,34.4,31.5,24.5,15,19.4,66.5,10
2009,November,11,31.7,28.1,20.4,11.1,20.6,75.4,6
2009,December,12,31.7,26.5,19,9.4,22.3,76.5,7
2010,January,1,30,22.4,13.2,1.7,28.3,22.6,5
2010,February,2,28.3,22.8,13.5,7.2,21.1,119.1,10
2010,March,3,30,24.5,15.2,6.7,23.3,71.4,6
2010,April,4,31.7,28.2,21,15.6,16.1,227.3,8
2010,May,5,35,31.4,24.7,22.2,12.8,86.9,7
2010,June,6,35,33.5,25.9,22.2,12.8,182.9,15
2010,July,7,35,32.9,25.9,22.2,12.8,186.9,21
2010,August,8,35.6,33.1,25.9,22.2,13.4,222.2,19
2010,September,9,35,31.9,25.3,23.3,11.7,403.6,21
2010,October,10,32.2,30,22.8,19.4,12.8,40.1,7
2010,November,11,29.4,27,19.5,11.7,17.7,59.7,7
2010,December,12,29.4,21.7,10.9,2.2,27.2,30.7,4
2011,January,1,29.4,24.3,14.7,6.7,22.7,64.8,8
2011,February,2,30.6,26.5,17.9,11.1,19.5,5.8,2
2011,March,3,32.8,27.8,18.8,11.7,21.1,28.7,5
2011,April,4,33.3,30.7,22.7,19.4,13.9,136.1,7
2011,May,5,33.9,31.5,23.6,19.4,14.5,54.6,7
2011,June,6,36.1,32.9,25,22.2,13.9,310.4,13
2011,July,7,36.1,32.9,25.7,23.3,12.8,145,18
2011,August,8,35,33.2,25.3,23.3,11.7,281.4,25
2011,September,9,34.4,32.5,25,22.8,11.6,126.7,15
2011,October,10,32.8,29.1,22.6,17.2,15.6,394.2,14
2011,November,11,29.4,27.4,20.6,13.3,16.1,45.7,9
2011,December,12,27.8,26.4,19.4,12.8,15,26.4,8
2012,January,1,29.4,24.7,15.9,6.1,23.3,5.3,2
2012,February,2,30.6,26.4,19,8.9,21.7,85.9,6
2012,March,3,30,27.6,20.4,12.2,17.8,126.2,14
2012,April,4,31.7,28.2,20.5,15.6,16.1,199.4,11
2012,May,5,33.9,30.2,23,21.1,12.8,372.6,16
2012,June,6,34.4,31.5,24.7,21.7,12.7,319,15
2012,July,7,33.9,32.2,24.9,21.7,12.2,226.6,14
2012,August,8,33.3,32.2,25.4,22.8,10.5,404.4,19
2012,September,9,33.3,31.5,24.8,22.8,10.5,280.2,20
2012,October,10,32.8,29.7,23,13.3,19.5,163.1,17
2012,November,11,28.3,26.1,17.7,12.8,15.5,12.7,5
2012,December,12,29.4,26.3,18.1,8.9,20.5,13,9
2013,January,1,28.3,26.5,19.3,13.3,15,13.7,5
2013,February,2,30.6,26.2,17.9,8.3,22.3,47,5
2013,March,3,32.2,24.8,15.1,7.2,25,20.6,4
2013,April,4,32.2,29,22.1,16.1,16.1,130.6,9
2013,May,5,34.4,30,22.1,17.8,16.6,280.2,14
2013,June,6,33.3,31.6,25.1,23.3,10,157,16
2013,July,7,34.4,31.4,24.6,22.2,12.2,322.6,25
2013,August,8,33.9,32.1,25.5,22.2,11.7,112.5,16
2013,September,9,33.3,31.8,24.7,22.8,10.5,265.9,20
2013,October,10,32.8,30.5,23.5,21.1,11.7,174.5,8
2013,November,11,31.7,28.3,21.8,11.1,20.6,145.5,14
2013,December,12,30,27.2,20.6,15.6,14.4,118.6,10
2014,January,1,29.4,24.3,15.6,7.8,21.6,48.5,12
2014,February,2,30,27.5,19.4,10.6,19.4,29.5,5
2014,March,3,32.2,27.7,18.6,13.9,18.3,66.3,8
2014,April,4,32.2,29.2,21.4,17.2,15,30,5
2014,May,5,33.3,30.5,23.6,20,13.3,83.6,6
2014,June,6,33.9,31.6,23.4,21.1,12.8,498.3,23
2014,July,7,35,32.6,25.1,21.7,13.3,261.4,26
2014,August,8,34.4,33,25.8,23.3,11.1,230.4,14
2014,September,9,33.3,31.5,24.6,22.2,11.1,184.1,23
2014,October,10,34.4,30.3,22.8,19.4,15,82.3,11
2014,November,11,31.1,26.6,18.5,11.1,20,67.6,7
2014,December,12,28.9,25.8,17.8,8.9,20,33.5,6
2015,January,1,28.9,25.4,17.7,11.1,17.8,24.1,7
2015,February,2,30.6,24.9,15.6,5.6,25,71.4,9
2015,March,3,32.8,28.8,20.9,14.4,18.4,33.5,5
2015,April,4,35.6,30.3,23.4,18.9,16.7,102.4,11
2015,May,5,34.4,30.8,23.6,20,14.4,60.7,11
2015,June,6,35,32,25.4,22.2,12.8,91.4,16
2015,July,7,35.6,33,25.4,22.8,12.8,150.1,16
2015,August,8,34.4,33,25.5,22.8,11.6,229.1,18
2015,September,9,34.4,32.1,24.9,22.8,11.6,253.2,21
2015,October,10,32.8,30.3,23.6,21.7,11.1,119.4,17
2015,November,11,31.7,28.8,22.7,17.2,14.5,191.8,18
2015,December,12,29.4,27.7,22.6,17.8,11.6,249.4,16
2016,January,1,28.9,23.5,15.8,7.8,21.1,192.3,16
2016,February,2,30,24.1,16.4,10,20,72.4,11
2016,March,3,32.8,28.6,20.9,13.9,18.9,15.5,7
2016,April,4,32.8,28.8,21.2,18.3,14.5,27.7,6
2016,May,5,33.9,30.3,23,17.2,16.7,210.1,8
2016,June,6,35,32.3,24.9,22.2,12.8,221.5,20
2016,July,7,33.9,32.9,25.7,22.2,11.7,104.4,16
2016,August,8,34.4,32.5,25.1,22.8,11.6,349.8,21
2016,September,9,33.9,32.3,24.8,22.2,11.7,153.7,18
2016,October,10,33.3,30.3,23.9,19.4,13.9,244.3,16
2016,November,11,29.4,27.3,20,14.4,15,23.9,7
2016,December,12,30.6,28.1,21.5,13.3,17.3,59.2,8
2017,January,1,30.6,27,18.1,10.6,20,86.4,8
2017,February,2,30.6,27.4,18.3,13.9,16.7,33.3,2
2017,March,3,30.6,27,19,11.7,18.9,99.6,7
2017,April,4,32.8,28.9,22.1,14.4,18.4,54.9,3
2017,May,5,36.7,32,23.9,18.9,17.8,68.3,9
2017,June,6,33.3,31.9,25.5,22.2,11.1,405.6,21
2017,July,7,34.4,33.3,26.4,22.2,12.2,316.2,17
2017,August,8,35,33.4,26.3,22.8,12.2,217.7,18
2017,September,9,34.4,32.6,26,23.3,11.1,380.2,11
2017,October,10,32.8,30.3,24,15,17.8,320.3,19
2017,November,11,30.6,28.9,21.5,18.3,12.3,112,11
2017,December,12,30.6,26.6,17.5,8.3,22.3,16.8,4
2018,January,1,28.9,24.4,15.7,6.7,22.2,25.7,8
2018,February,2,29.4,28.1,21.1,14.4,15,9.4,7
2018,March,3,31.7,26.5,16.6,10.6,21.1,4.8,2
2018,April,4,32.8,29.4,20.7,15.6,17.2,96.5,8
2018,May,5,31.1,28.7,22.9,20.6,10.5,421.4,19
2018,June,6,34.4,32,24.3,21.7,12.7,200.4,17
2018,July,7,34.4,32.7,24.7,22.2,12.2,203.7,21
2018,August,8,34.4,32.2,25,22.8,11.6,243.3,21
2018,September,9,33.3,31.8,25.2,22.8,10.5,200.4,17
2018,October,10,32.8,30.7,24.1,18.3,14.5,44.7,10
2018,November,11,31.1,27.9,20.8,10,21.1,70.4,8
2018,December,12,30.6,25.9,18.4,11.1,19.5,40.1,5
2019,January,1,28.9,24.4,15.6,7.8,21.1,50.8,8
2019,February,2,29.4,27.5,20.2,13.9,15.5,38.9,6
2019,March,3,31.7,27.4,19,12.2,19.5,48.5,9
2019,April,4,32.2,29.2,21.6,15.6,16.6,80.3,5
2019,May,5,35,31.3,24.4,22.2,12.8,117.1,13
2019,June,6,36.7,33.2,25.4,22.2,14.5,315.7,17
2019,July,7,36.7,33.4,25.6,22.8,13.9,267.7,15
2019,August,8,35.6,33,25.4,23.9,11.7,399.8,25
2019,September,9,35.6,32.8,26.3,22.8,12.8,82.6,11
2019,October,10,33.3,31.6,25.6,23.9,9.4,99.8,18
2019,November,11,32.8,28.5,20.4,13.9,18.9,41.1,10
2019,December,12,30.6,26.8,19.3,11.7,18.9,163.3,18
2020,January,1,30.6,26.1,17.8,4.4,26.2,51.6,7
2020,February,2,30.6,26.8,18.9,9.4,21.2,73.7,8
2020,March,3,33.3,28.8,21.4,12.8,20.5,2.5,2
2020,April,4,36.1,31.7,23.7,19.4,16.7,98,5
2020,May,5,34.4,30,22.6,17.8,16.6,479.8,12
2020,June,6,36.7,32.4,25.8,21.7,15,180.6,13
2020,July,7,36.7,33.9,26,23.3,13.4,260.6,20
2020,August,8,34.4,33.1,26.1,21.7,12.7,189,22
2020,September,9,33.9,32,25.5,22.8,11.1,277.4,16
2020,October,10,33.3,31,24.7,22.2,11.1,301.2,21
2020,November,11,30.6,28.1,22.4,20,10.6,243.8,18
2020,December,12,29.4,25.1,16.5,8.3,21.1,40.6,6
2021,January,1,30,24.8,15.8,9.4,20.6,12.7,3
2021,February,2,30,27.2,20,9.4,20.6,73.7,10
2021,March,3,30,27.6,19.7,13.9,16.1,47.5,4
2021,April,4,33.9,29.4,21.1,16.1,17.8,71.4,6
2021,May,5,34.4,30.7,24,21.7,12.7,68.1,9
2021,June,6,34.4,31.5,24.8,22.8,11.6,316,21
2021,July,7,34.4,32.2,25.2,21.7,12.7,207.8,17
2021,August,8,34.4,32.8,25.8,22.8,11.6,185.2,21
2021,September,9,35.6,32.4,24.4,23.3,12.3,307.8,19
2021,October,10,32.8,30.8,23.9,18.9,13.9,124.7,16
2021,November,11,29.4,26.5,19.1,13.9,15.5,111.3,9